Number,Serial,TITLE,CONTENT
1,111,貴人,占卦問貴人相助 ，問主必心誠則靈 ，亥子到臨貴人明 ，北方可望貴人顯 天雨問晴天必雨，天晴問雨主天晴，若要雨停看亥子 ，晴多雨少數分明
2,112,考運,考運文昌星有礙，待貴人他日降臨 ，丙丁星君齊下降， 進學高分上榜名，進學占之履卦爻，文書官鬼兩相交，才名二字成推薦，定主他年在錦標
3,113,學業,學業防內陰公礙，功名晉升終可望 ，學術發展期可望 ，名利可雙收大吉，鬼爻持世卦相同，又許讀書望進身，從此功名終可望，須知入泮有鴻名
4,114,取討,取討有小人阻礙，秋冬兩季討無財 ，夏春取討有所得，但還是不能還清，求物求財先覺難，爻中財盡始相還，秋冬初討無財物，夏季春時不耐煩
5,115,姻緣,姻緣未成天已定，享福難偕老死別，反覆分離不定期 ，造福姻緣得雙全，招婿未成來問卜，誰知好事多反復，應來生世得成全，福祿優然終分宿
6,116,運途,運途波折故有因，命運貴人來相助，人丁兩旺正逢時，發福興家多順意，往來命運固非宜，人旺財興值此時，發福興家多遂意，貴人相遇有扶持
7,117,求醫,求醫神秘華陀現，久久未見病災憂 ，內外陰神救星臨，甲寅春木救真人，縱有名良醫國手，淹淹未見退災憂，若逢應位來生世，甲寅之日救星臨
8,118,公職,公職考運機未到，胞胎內陰有阻礙 ，壬癸亥子榜上名，今成績平不理想，文書官鬼問蘭亭，許宴佳賓見名利，水上流年多有選，今年科舉只平平
9,121,移居,移居現在正當時，福德星強利祿深，東北西南家旺財，貴人相助家業成，移居遂君心勿疑，利祿源源福德強，財旺東南家北西，家成業就樂升平
10,122,洽約,洽約會商恐難成，春夏無利更多憂 ，旦逢庚辛兩秋冬，誠心相約事可成 ，君占會恐無成事，義氣相投事可通，若在秋冬方可望，如逢春夏事多憂
11,123,求職,求職占之百事昌，吉神臨門福神降，春冬能尋好工作，夏秋差有所阻礙，鬼爻持世福神祥，謀事占之百事昌，春季冬時方可就，夏秋占此不相當
12,124,親病,親病難醫五鬼纏 ，外陰礙願未儐還，吉凶月中才知曉，貴人化解免災殃， 財來生鬼病難醫，父母家星要護持，夙願如今還應早，一旬半月總評論
13,125,買屋,買房地產事可成，講屋買地可如意 ，春夏東北東南方，富貴榮華利安康，應來世生事宜成，買屋占之許稱心，富貴榮華從此得，家成業就永康寧
14,126,分家,分家分產免質疑，日後不會有差錯，共同意見處理佳，春秋財旺無煩惱，分家君占欲上疑，管教日後不差池，春秋財旺無煩惱，任意為來總得宜
15,127,身體,身體疾病貴人醫，內外陰礙願未還 ，庚辛亥子日秋冬，身體可平安痊癒，卦占疾病數無妨，福德天星兩字強，亥子庚辛全愈好，五行有救壽綿長
16,128,子病,兒得病不用操心，看午未日即可癒 ，查內外陰神公礙，謝神闔家平安吉，嬰兒得喜數無妨，福德臨爻不必憂，服藥且看過未午，闔家歡喜把神酬
17,131,求財,求財應緩不宜急，宜守等待好時機，甲乙寅卯東南方，財神臨門貴可得，緩不濟急莫心憂，允時宜少定無多，有望方甲乙卯寅，卦爻註定斷無訛
18,132,借財,借錢財占卦困難，財空怨債不多疑 ，亥子庚辛於秋冬，貴人解可發財鄉，財銀借取問神明，托保求之亦可成，亥子庚辛財發動，目前不遂莫生嗔
19,133,買畜,買畜卦最為良卦，六畜昌盛大發興 ，福德相助合君意 ，東南南夏大吉昌，欲占買畜最為良，世應相旺百事昌，數定買來君合意，牛多生息馬騾強
20,134,開店,開店占之主大吉，開店可稱心如意 ，四五六月多財利，冬至平平獲利少，占之主開店進財，妻財持世斷無乖，春秋夏季財多息，一般冬至平平過
21,135,回鄉,回鄉占卦主平安 ，福德財源兩齊美 ，隨行相伴有貴人 ，路途安心回家鄉，占此平安回鄉里，財源福德要相全，伴侶定教逢貴客，心寬路途更覺曉
22,136,放賬,放款時機兩相宜 ，夏秋得意無煩惱 ，日後小心有心人 ，任君為之不用疑，此卦占來防賬宜，先兵後緩不差池，夏秋得意無煩惱，步步為之不必疑
23,137,風水,墳塋風水不為佳，無情官司口舌重 ，坑裂破子孫不順 ，速尋龍穴好安葬，龍脈墳塋有差池，定主無情不必誇，左右有坑還有破，別尋求巽壽榮華
24,138,賭博,賭博求財難得意，春夏四季多不利，輸盡錢財不須疑 ，人財兩傷心難安，求謀先聲莫強求，本官財盡始相還，秋冬欠勝無些利，春秋還勞不耐煩
25,141,收成,收成五榖財神降，一家歡樂樂無窮 ，定可獲得大豐收，一年栽種兩年收，財臨應有收成位，稱作田禾十倍增，牛水米幹天意好，來年收勝兩年春
26,142,住宿,住宿問卦陰煞重，小心住到有問題 ，勞碌奔馳無處宿 ，另找別房有益處，子孫無位兩文書，怎奈旁人搬是非，有館被人尋奪去，枉徒勞碌費賓士
27,143,求子,求子占之可順心，子臨福位子孫明，日後產麟麟得子，貴人化解可如願，子臨福位子孫明，求子占之許遂心，若是早年刑克過，如今不久產麒麟
28,144,出行,出行占卦恐非宜，出外目前有是非，相沖劫財多阻隔 ，待日再行平安吉 ，此行非宜恐有災，兄弟臨門有是非，世應逢沖多阻礙，不宜妄動且遲遲
29,145,桃花,占之桃花順心懷，異性緣起好時機，專一可得心如意，郎才女貌福慧歸，取魚占之遂心懷，上流利得任君懷，專心至志君須得，縱橫張網登釣台
30,146,夜夢,夜夢凶兆不需疑，名聲財利事不濟，家道人丁有驚恐，意外造運福自來，君逢夜夢不相疑，事不順心傷名利，人丁家道六畜驚，時來運到蒙魂齊
31,147,同居,同居情緣難合意，消除念頭轉心意，貴人相解如願償，日後免別離後悔，君爻持世未和諧，入贅求婚莫妄為，只好回頭尋別計，免教別後有悲哀
32,148,口舌,口舌是非多異端，正是逢凶運不開，盡量不與人計較，方保事後寬心放，是非口舌事端多，世位逢財事不安，凡事勸君饒一著，事後放寬心保全
33,151,脫貨,脫貨賣出有困難，反覆延誤空往還，四五六月可賣出，期過就會有牽纏，君占脫貨一時難，反復延挨空往還，巳午未臨才可脫，過期又恐有牽纏
34,152,見貴,拜見貴人正當時，喜氣貴人長上提，但防小人意外傷，名利雙收可平安，君占見貴事如何，一見應知喜氣多，多利重重終有望，先天神數不差訛
35,153,飼養,飼養不用擔心憂，會有重重財喜臨，福德照運正當時，事業不必憂盡快，卦占喜事兩重財，福德星臨應上來，若問春蠶休掛慮，十分財喜稱心懷
36,154,收帳,收帳送達主順利，上下貴人多得力，必然可以平安歸，完成任務收取財，收解錢糧主太平，六爻無鬼不虛驚，上下貴人多得力，定官得利轉家庭
37,155,修宅,修宅建造事可為，吉課選時萬事吉，修後財源勝從前，任君造作不須疑，數占起造許君為，日吉時良萬事宜，起後財源還許勝，不須疑君勿造作
38,156,生意,生意問卦喜氣臨，貴人當運應可行，生意事業百事昌，名利雙收不用比，福德星強喜氣臨，生意之中百事宜，當道貴人應可托，從今名利不賓士
39,157,文件,文書卦見領文憑，反反覆覆實可疑，巳午未日終有望，過期又恐生變數，文憑重見領文憑，反復其中實可疑，巳午未火局臨貴，過期又恐有耽遲
40,158,訴狀,訴狀答辯許順情，文書供詞見公理，得理則免受刑罰，他日方知卦似神，占之訴辯遂情許，文書官鬼兩分明，向陽有理無刑罰，卦似神日後方知
41,161,陞遷,陞遷占卦有職位，秋夏陞遷必升官，貴人化解不須疑，財官兩旺運綿綿，財爻應來可升官，仕宦占之必主歡，秋夏喬遷消息到，人情謀幹兩周全
42,162,尋人,尋人占此恐難安，陰險重重卦未吉，此人恐有多災難，耐心多訪神保佑，陰節重重卦未安，尋人占此恐難幹，世克應文應可退，只宜訪察可心寬
43,163,選舉,選舉占之得吉祥，文書官鬼兩星明，財官雙美兩如意，五鬼意外來阻礙，納監占之怕子孫，文書官鬼兩星明，崢嶸仕路何須慮，定注財物兩稱心
44,164,調解,調解應知不順情，雙方對沖兩相侵，各懷鬼胎多反覆，雙方忍耐免虛驚，文書官鬼兩相侵，和事應知不順情，有事定然反復去，忍耐修心待天明
45,165,婚姻,婚姻占之十分宜，官鬼妻財兩相生，誤會阻礙貴人解，祖德餘蔭天生定，求婚占之十分宜，官鬼妻財見之行，更喜媒人多助力，定教舉案得齊眉
46,166,六甲,六甲占卦險與安，臨產略略有虛驚，庚辛申酉長生日，有驚無險母子安，孕育求占險與平，略有虛驚需安胎，庚辛卯酉長生日，臨產雖凶身不驚
47,167,交易,交易占之卦最宜，應來貴人有扶助，雖然財利只平平，信實成交沒誤差，占之最宜交易期，應來生世有扶持，財利平穩然是福，誠信老實沒是非
48,168,娶妻,娶妻占卦問姻緣，妻財不現事纏綿，姻緣未到造緣佳，留戀有口舌是非，卦占娶妾問姻緣，事拖延妻財不現，計問招偏緣不是，見枉圖樂莫流連
49,171,置產,置產買田不可為，種植運不佳虧本，天災搞害刻難檔，其他打算免虧錢，置田占此不為安，差重糧多莫妄千，又見鬼爻臨世位，要防反覆幾多般
50,172,音信,音信巳午未夏季，擔憂著急是不用，六親骨肉皆平安，免得家中望眼穿，家信來時應已午，六親骨肉喜平安，勸君急整歸家計，家中望眼穿門堂
51,173,選舉,選舉功名要斟酌，貴人不顯拄費神，當防小人意外災，強求日後被人侵，納吏功名宜酌勘，文章無位枉勞神，莫嫌以卦多屯咎，只恐他時反被侵
52,174,告狀,占卦告狀詞有利，財旺生官福祿全，冬夏權多得力成，許君財喜勝平安，君占告狀卦逢官，財旺生官福祿全，多得外力冬夏成，財喜兩平安許君
53,175,買貨,買賣問卦神靈真，定是求財順心意，運到貴人皆相助，定有收穫多財利，今因買賣問神靈，定是求謀得遂心，當道貴人皆有助，此行端的有收成
54,176,官運,求官占卦官運昌，財旺生官福祿饒，秋令冬時得好缺，親榮妻貴樂家門，求官占此卦為高，福與祿財旺生官，好官道秋令冬時，樂滔滔妻貴顯親
55,177,工作,占卜工作進公門，上司君臨百事亨，秋夏冬時多利益，春間少順莫生嗔，君今意若進衙門，百事亨福德星君，利益在秋夏冬時，莫生嗔春間少收
56,178,徵人,徵人員工來占卜，福德星臨事亨通，雖是眼前多阻隔，遲遲方許順可成，君因討僕來占卜，福德星臨事事亨，眼前多阻雖是難，或可交成會延遲
57,181,壽年,卦卜知君問壽年，生來福祿依天權，雖知生死枯榮事，貴人解延年益壽，卦卜知君問壽年，生來衣祿付天權，雖知生死榮枯事，八八加三夢九泉
58,182,家宅,家宅重重是非見，破財疾病有徵兆，春夏秋冬四季凶，最喜貴人來解危，家宅重重見是非，破財疾病有些微，最喜鬼神多助力，春夏秋冬得相宜
59,183,合夥,日月合卦最為靈，君占合夥事可為，雙方利益皆如意，莫猜多疑聽是非，日月同逢卦最靈，君占合夥甚施為，六爻安靜身心旺，不必多疑聽是非
60,184,失物,君問失物難尋回，費神傷身枉自忙，內外兩方分贓去，勸君放下莫思量，應來持世福神傷，失物占之枉自忙，內外兩人分卻去，勸君且舍莫思量
61,185,走失,占卜走失重重現，終就走失會轉頭，壬癸亥子終有信，何必著急心煩憂，世高應下重重見，走失終須得轉頭，癸亥子丑終有信，何必著急去追尋
62,186,行人,君問行人何時到，音信遲未傳臨門，庚辛巳午交臨日，可望人財兩見之，君問行人何日至，應未臨門音信遲，庚辛巳午交臨日，人財兩見善心宜
63,187,學藝,學藝求財此卦奇，福神降臨是時候，秋冬財源多順意，更遇高人百事宜，手藝求財此卦奇，子孫持世事周齊，近秋冬廣進財源，遇高人百事皆宜
64,188,護送,護送須忌有虛驚，費心勞力不得寧，交卸完全心始放，若不小心有傷害，解人須忌有虛驚，勞心費力不得寧，交卸擔兒始放心，有傷刑小心前行
65,211,洽約,洽約占卜卦最宜，朋友重重兄弟齊，快速邀約保全美，庚辛中酉得全財，會事占之卦最宜，朋友重重兄弟齊，作速去邀保全美，庚申辛酉得全財
66,212,子病,子病逢喜何須憂，不必憂心貴人醫，內外陰公災星至，待換節氣病移除，子孫喜至何須慮，不必憂疑且問醫，虎頭蛇尾災星退，待交節氣病才移
67,213,買屋,買屋未安財不至，投資房地心難安，仲介多欲難成就，不如捨此別家看，財不生世卦未安，君占買屋慢心歡，中人多欲難成就，舍此不如別路看
68,214,身體,病症犯內外陰公，身體有救免憂慮，時逢卯酉貴人臨，造福祈神莫再遲，占病星辰命犯之，五行有救免憂虞，時逢卯酉災星退，作福祁神莫待遲
69,215,親病,親病無端疾病犯，內外陰公官鬼動，貴人化解無礙事，放下心頭莫牽掛，父母無端疾病占，卦中財動鬼官連，子未占卜無應事，若把心頭莫掛牽
70,216,移居,卦問移居可順心，從今財物自然增，目前口舌需防備，移過方安切莫停，移居卦問遂心許，財物自然增恭喜，小婦口舌須防備，莫停快移方安全
71,217,分家,分家何患不稱心，子孫持世益千金，官鬼雖有總無忌，老實親族信可憑，分家何患不稱心，千金益子孫持世，無忌官鬼臨應位，老實親族方可信
72,218,求職,吉神求職順心意，求職無妨慢慢來，最喜逢貴稱心歡，更遇高人笑開懷，財爻持世進妻財，謀事無妨慢慢來，最喜星辰應在意，更過高人百事宜
73,221,家宅,卦問家宅吉神地，家宅占之大吉昌，秋冬季來財正旺，夏春口舌必須防，子神持世福神強，家宅占之大吉昌，秋冬季時財正旺，夏春口舌也須防
74,222,護送,護送不可不堤防，嘔氣傷身人不安，幸得貴人多助力，雖然勞苦不勞心，解人不可不提防，慪氣傷財傷不安，幸得貴人多助力，勞苦不傷心實幹
75,223,走失,走失家人在北方，細心查察不須忙，秋冬占卦難尋覓，秋夏交臨定返家，走失家人在北方，細心察訪不須忙，秋冬占此難尋覓，春夏交臨定返鄉
76,224,學藝,卜卦學藝順心意，雖微利益天安排，況且手藝多靈巧，勞心勞力事可為，世應相生無不遂，唯利微益數安排，況嫌手藝多靈巧，事情皆勞心勞力
77,225,失物,失物占卜不須憂，賊人藏之可緩尋，庚甲寅申會見面，賊人自犯失財運，錢財失卻不須憂，內外藏之可緩求，庚午寅申會見面，機謀賊星該敗失
78,226,壽年,卜卦問壽世如何，又恐光陰去已多，壽能八八造福基，貴人化解延年壽，君來問壽世如何，光陰去多甲子年，今歲欲防跌撞運，壽元八八夢南柯
79,227,行人,占問行人人不定，丑未庚辛方有知，到時會順君之意，人財現自有安排，應來生世遂心懷，君問行人不日來，丑未庚午方有信，人財兩見卦安排
80,228,合夥,占卜合夥財不佳，官鬼營利不順利，將來必有爭端議，單自謀圖錦上花，占此財爻不甚佳，與人合夥事難誇，爭端起處在前頭，別圖錦上花莫忘
81,231,見貴,見貴卜須苦託幫，不必憂疑可順心，貴人引薦不必疑，春夏兩季可如意，見貴還須苦托人，鬼爻臨印要勞心，應來生世他生我，不必憂疑許遂心
82,232,訴狀,訴狀占知許順心，貴星降臨福神欣，逢寅午戌日月應，貴人解刑貴脫身，訴狀占之許遂心，子孫持世福神欣，待交戍日嫌寅午，免罪除刑好脫身
83,233,修宅,君問卜修宅而來，建造房宅有吉凶，需貴人指點避凶，雞鳴得助大吉祥，君因起造來問卜，豎柱上樑有吉宿，君因起造占今卦，數鳴遇雞任君架
84,234,文件,卦卜文件來助君，領文件心可安心，亥子丑日方可得，貴人相助得尺緣，妻財持世主升官，佔領文書信可安，南方交得亥子丑，遇奇緣貴人當道
85,235,收帳,收帳問卜事難諧，憂心憂慮事不佳，若不小心謹慎防，厄耗刑傷損災厄，鬼爻持世事難諧，收解錢糧事不佳，謹慎小心需防災，定主刑耗兩相加
86,236,脫貨,脫貨求財事可成，財旺生官可安心，亥子丑臨交易佳，貴人相助更周全，妻財旺相可升官，脫貨求財亦許安，交易日月亥子丑，四方得貴人相助
87,237,生意,生意占卦許順情，誠實買賣免憂心，只宜謹慎防意外，經營得利任君行，生意占之許遂情，來人不用苦憂心，宜謹慎斟酌行事，出入經營任君行
88,238,飼養,君問卦飼養大吉，春季有益定不差，更有貴人來相助，寅卯得利更可誇，卯木妻財占大佳，春蠶有益定無差，更兼外卦來相助，絲利重重甚可誇
89,241,音信,音訊遲遲未見來，須逢子午一音開，消息萬事皆安穩，不必憂疑且放懷，問信重重未見來，要逢子午一音開，家中萬事皆安穩，不必憂疑且放懷
90,242,徵人,徵人下屬貴人弱，誠徵占之事不良，徵得是非防口舌，最好仔細再商量，歸妹之卦子孫強，買僕占之事不良，買得終須防口舌，商量仔細莫再還
91,243,買貨,君卜買貨必順意，君正逢財德喜生，公平出入兼得利，貴人相助財有盛，世位逢官應喜生，君占置貨必如心，公平得利要佈施，相助應教有貴人
92,244,工作,卜上司想換工作，財鬼逢沖事不安，莫問他人運勢好，只宜守舊可寬心，八純之卦問跟官，兩不安沖財逢鬼，莫問營利它號好，守舊方可只宜寬
93,245,告狀,君告狀訴得理明，官司解運可得勝，造福貴人來相助，秋冬猶覺得瑞權，告狀事旺又升官，君問官司理勢全，妻得貴人來助力，覺秋冬猶得全心
94,246,置產,置田卜得良田卦，栽種投資兩相宜，祿位福神多健旺，更得地利理相投，置田端此卦為高，中正相逢定主交，福神祿位多積福，又主詞情可相投
95,247,官運,問卜官運可求官，百里千程得逐緣，貴人轉運價更高，他日時地姓名傳，鬼爻持世可求官，得遂緣百里鵬程，舟楫奇才因價重，管教時地姓名傳
96,248,選舉,中央選舉難順心，必須斟酌再三思，錢財流失難成就，慎防五鬼官司臨，納吏功名可費利，必須斟酌再三思，鬼爻持世難成就，不得還防有是非
97,251,住宿,君卜住宿不可住，神鬼相爭不安寧，西南方上更難住，問別間店方可成，為因尋官去尋人，兄弟相爭有奪爭，若問別鄉尤可就，西南方上甚難成
98,252,口舌,是非口舌不須爭，不計福德保太平，任有好話盡無用，自有貴人來調解，爭必是非口舌苦，福德神強保太平，自有貴人來喝散，任有好話總無憑
99,253,桃花,間卦桃花順如心，逆水行舟走上風，安心穩守南方利，桃花返回兩得利，君問取魚任君心，逆風而上陸行舟，守南方有利人緣，功成業就財利生
100,254,同厝,同居男女要斟酌，神鬼應世枉勞心，重重阻隔財遭劫，只可回頭別處尋，入贅求婚要思量，鬼爻持世勞心力，重重劫財又險阻，回頭他處尋方可
101,255,出行,出行占卦不須疑，當運高昂貴人顯，一路順風無阻礙，路途平安財利豐，出行占此不須疑，世位高分應位低，世克應爻無阻隔，重重財喜遂心機
102,256,收成,收成風調雨順成，君問收成快稱心，天助五穀財無損，財豐利獲君稱心，歲晴半雨好年成，君問秋收快稱心，五穀豐登無折耗，後來方許遂君心
103,257,夜夢,夜夢吉凶卦不祥，預防意外有之災，三思謹慎如神助，凡事不貪得心安，夜夢蹊蹺總不祥，須防有釁起蕭牆，謹慎三思靈光現，凡事饒人得久長
104,258,求子,卦占求子不如心，貴人不顯子難生，陰德先天有定數，解化辰午產貴子，卦占求子許稱心，福德重重子易生，數好先天應不謬，辰年午歲產麒麟
105,261,考運,考運升學稱如意，當防內除礙功名，策論經書如勉勵，定教考績有名聲，官爻生世好求名，入學占之許遂心，策論經書如勉勵，定教科舉有聲名
106,262,公職,公職財失難上榜，貴人不顯官運剋，他年再考較有望，今年公職不如意，財破文書難上榜，子孫太旺又傷官，二科之內有機會，科舉今年可自然
107,263,姻緣,卦占姻緣最為良，財喜貨重福祿強，夫婦相隨多福壽，興家立業好呈祥，招婿占卦為良善，福祿強財喜重重，福壽夫婦多和諧，立業興家吉祥雲
108,264,求醫,求醫難醫業障深，福不來良藥不靈，藥無緣內外陰礙，再逢華陀也難寧，醫憑福德可持身，積福之家藥靈扶，楚楚服藥多無緣，再逢扁鵲也難成
109,265,取討,取討資財此卦靈，托中求取事難成，雖是月前多阻隔，遲遲方許有佳音，資財討取卦最靈，求取托事成局險，月前阻礙須等待，有佳音遲遲方許
110,266,貴人,卦問貴人天必助，若詢貴人貴必臨，坎逢壬癸亥中貴，要貴但看戌丑辰，若問天晴天必晴，若詢不雨雨來霖，陰雨水坎壬癸亥，戍申庚金誠來開
111,267,運途,運途何須問好壞，喜君轉運莫猜疑，雖然早運多成敗，時來應知福綿長，命運何須問短長，喜君運限莫相商，早年敗多成少事，應知福壽長時來
112,268,學業,君問學業聖賢書，讀書事業可堪圖，官臨世位文星旺，選入功名聲世昌，經綸事業聖賢書，可讀書方圖事業，文星旺位官臨世，功名入選住帝邦
113,271,尋人,尋人需貴人機緣，官鬼相交貴不顯，憂心憂人神佛求，四七十月可相期，鬼爻持世未為奇，欲去尋人要見機，莫若待他來自就，四十七月可相期
114,272,娶妻,求占娶妻問姻緣，內外陰有礙反覆，速速回頭前緣尋，福德賢妻多進福，今君取妾來問卜，內外鬼爻要反復，莫若須從前去尋，賢能進福妻多產
115,273,婚姻,婚姻降臨事多端，姻緣困難劫難安，官鬼相交貴不顯，一般難脫第三者，鬼爻持世問多端，君問求婚卻不安，更且媒人不得力，一般說出兩三般
116,274,交易,交易占之卦甚良，喜神持世財高強，買賣看來真順意，三七十一見禛祥，財爻持世必高強，交易占之卦甚良，買賣遂意看艮方，三七十一見真章
117,275,和事,調解須知有貴人，官鬼相交事難成，惟向東南求貴人，皆能歡喜得雙全，兩爻財盛來生世，和事須知遇貴人，唯向東南祈兆去，財能升位的千金
118,276,陞遷,陞遷財官兩星明，知君官爵得高陞，雖然官鬼有阻礙，管取春來顯名財，鬼爻文書兩字明，官爵高升知君意，雖然當道些微阻，沐浴聖恩取春來
119,277,六甲,六甲生產不順心，陰公磚祈保娘身，只待嬰兒離母腹，自然身體安康臨，六甲占之不遂心，許其香願保娘身，母體嬰兒皆平安，福壽自然永康寧
120,278,選舉,地方選舉問神明，福德星強喜氣臨，雖是眼前多阻隔，東西遇貴得前程，卦占納監問神明，喜氣臨福德星強，眼前多阻隔勿驚，遇貴東西前程得
121,281,借貸,借貸占卜不得宜，借貸雙方兩見奇，幾番財利遲遲有，目前猶未合時機，官鬼妻財兩見奇，與人借貸得便宜，幾番財利遲遲有，目下猶未合事機
122,282,賭博,賭博占此只平平，世應相生事有靈，三心二意心不定，四七十一定佳音，賭錢占此只平平，世應相生事有靈，利息不多財許穩，四七十一定佳音
123,283,回鄉,回鄉占此未為宜，後有麻煩是非多，且慢安身休妄動，他日再看起身回，占此未宜回鄉遲，屯占多是非會有，且安身心休妄動，不依數斷有差池
124,284,風水,君占風水可安寧，來龍左右最為奇，財福興隆各發達，人丁強旺家門興，君占風水主安寧，奇龍左右來得運，發達財福興隆客，強壯人丁樂昇平
125,285,開店,開店占之定可成，福星高照貴人來，子亥夏春多利益，何須憂愁莫猜疑，世高應下任君裁，開店占之定美哉，夏春子亥利息多，何須憂愁稱心懷
126,286,求財,占問求財會順心，東西東方正向欣，雖然勞費盡心力，財利終得百千金，占問求財是稱心，東西路道正相應，勞力費心雖然饑，利息終得須萬金
127,287,放賬,放款財利不得時，雙劫財源有猜疑，官鬼神表面降臨，只恐將來未必然，放帳應知要賺錢，兩重兄弟有些嫌，子孫雖是來臨世，只恐將來未必然
128,288,買畜,卦買禽畜來飼養，時運來到百事昌，且待北方財帛在，東西南方未為強，販賣六畜馬豬羊，百事昌時來運來，北方財帛須等待，水見東西南為難
129,311,護送,護送卦占百無驚，官星文書兩相明，沿途貴星會有助，勞心勞綠得安寧，解人占此百無驚，官鬼文書兩字明，當道貴人應有助，先須勞碌後安寧
130,312,合夥,合夥占之兩相宜，財神來臨最為吉，同心合作名利收，有始有終多財利，子孫持世卦為吉，合夥占之多利益，同心合伴作生涯，有始有終無損失
131,313,失物,失物占卜賊人強，失物南北托神尋，勸君放心休急促，花錢尋物亦難尋，鬼爻持世賊人強，失物西南空自忙，尋覓勸君休急促，花賈錢財亦難防
132,314,行人,占問期盼問行人，官鬼變動福到臨，直到子亥即可望，預期辰子有佳音，天雷無妄問行人，財應初爻主到臨，交子巳亥即可望，預期辰子有佳音
133,315,學藝,學藝求財事不宜，逢官鬼運有憂疑，秋天方許順心願，三季無財要見機，手藝求財卦不宜，應逢官鬼有猶疑，交利方許遂心願，三季無財要見機
134,316,家宅,家宅平安百事宜，貴人顯星有護佑，雖然小小多災晦，財祿豐盛百事宜，家宅平安百事宜，貴人得力有扶持，雖然小日多災晦，財祿豐盈百事依
135,317,壽年,君問壽年富應許，鬼神纏身應逢凶，吉凶無常事不同，福壽齊眉如彭祖，鬼神持世應逢凶，聚散無常事不同，君問年壽富應許，福壽齊眉老令公
136,318,走失,占問走失急找尋，自有鄰人報佳音，亥卯未臨方有訊，眼前不見心莫嗔，家人走失定須尋，鄰人報信來貴人，有聲响亥卯未臨，莫生嗔目前不驚
137,321,賭博,賭博未必順君心，定費心機不順情，內外兩卦不見喜，更防失脫莫猜疑，賭錢未必遂君心，心機不順定費心，內外兩爻無利益，莫胡行更防失算
138,322,買畜,卜買禽畜問財源，五鬼相沖事不然，雖見欲成卻阻隔，買成之後不周全，販賣六畜問財源，世應逢沖事不然，雖見欲成還隔阻，買賣不成需仁義
139,323,開店,卦卜開店可稱心，福德到臨廣進財，本少利多交易好，貴人相助財自來，卦占開店許君開，進財廣福德星臨，本少利多好佈施，騎馬貴人來自天
140,324,放賬,放款應知事有虧，不如緩慢得便宜，小人官鬼財不還，凡事三思要見機，放帳應知事有虧，不如不放得便宜，應高世下人強我，見機要凡事三思
141,325,風水,風水占之大吉昌，貴人顯起最吉祥，左右龍虎皆擁護，名堂高闊功名揚，世高應下最為強，風水占之大吉昌，皆護財左龍右虎，文章高明明堂寬
142,326,借財,問借錢財不必疑，錢財上卦最為宜，在秋冬多有不吉，如逢春夏利相依，財爻上卦最為宜，欲借錢財不必疑，若在秋冬多不吉，春夏相依逢利益
143,327,求財,求財問卦是時機，秋夏來臨不用猜，若是九流並雜術，許君財物兩相開，君占此卦問求財，不用猜秋夏來臨，九流雜術並若君，財物許君兩兆相
144,328,回鄉,君問回鄉可得當，官鬼降臨要商量，依卦不如莫妄動，春去夏來保安康，鬼爻持世要商量，君問回鄉可的當，依卦目前勿動心，保安康春去夏來
145,331,口舌,卦卜口舌最難擋，官訟虛驚有一場，辯詞有理我勝訴，但須謹記免刑傷，口舌是非最難當，官訟虛驚有一場，世克應爻須我勝，還須謹記免刑傷
146,332,六甲,君問求子有刑傷，將來須知子孫揚，卦中見沖又逢合，菱荷晚景吐秋香，中年生子有刑傷，目下須知當弄璋，卦見兩沖終有合，芰荷晚景有秋香
147,333,出行,出行占此主平安，略有不順無阻礙，春時但防旁人算，秋末冬初遇貴人，世應相生無掛礙，出行占此主平安，春時略忌旁人算，秋末冬初遇貴緣
148,334,夜夢,夜夢卦出惡連連，許多心事煩心機，全虧自己元辰旺，直到春來百事宜，夢寐之間作鬼逑，許多心事累心機，星辰旺自己全真，春來百事宜直到
149,335,同居,相愛同居事可為，夫妻魚水兩和諧，貴人化解男女結，正緣相愛福祿全，入贅求婚事可為，和諧雨水兩夫妻，外家得此乘龍婿，舉案齊眉福祿全
150,336,住宿,住宿占之得吉卦，賓至如歸好門牆，水火既濟皆相合，剛柔相濟又何妨，重重拔薦好門牆，尋館占之得吉昌，世應兩爻皆相合，水火合剛柔並濟
151,337,收成,卦中許你半收成，官鬼仇神兩神興，風雨不順背人願，勸君等待晚收成，卦中許你半收成，且得文昌兩字興，水少旱多宜粟豆，禾苗必待晚收成
152,338,桃花,今因桃花問靈卦，水內得運有異性，桃花順利東南尋，朵朵桃花未定數，君因取魚問卜靈，水內經營有財源，求謀順利向東方，管教層層不脫空
153,341,娶妻,娶妻欣逢兩相生，妻財臨門最為美，琴瑟和鳴醒夢吉，貴人造緣榮華歸，取妾欣逢此卦爻，妻財臨世最為高，夫君芝蘭夜夢吉，螽斯衍慶且榮華
154,342,選舉,選舉地方恐無成，官鬼不顯非無能，貴人文宣不夠利，三思謹慎得安寧，君占納監恐無成，子動重重枉費心，更忌文書看重複，三思謹慎得安寧
155,343,調解,調解之中可圓融，雙方和解只細詳，圓滿合諧利九月，執中公道自分明，坎卦之中可圓融，君問和事可能通，折獄片言利九月，執中公道兩無容
156,344,六甲,六甲臨卦占孕產，憂慮重重有虛驚，十月之間寅午利，行善祈福保安寧，六爻臨卦占孕畜，財鬼重重有虛驚，十月之間寅午利，也須作福保平安
157,345,交易,交易占之不為奇，財利事上可依卦，春夏之間大吉利，秋冬交易事不宜，財爻上卦不為奇，交易占之是可依，吉利新 春仲夏間，不宜秋冬總要守
158,346,尋人,君問尋人信難通，不見人形音訊無，人在東南得飽暖，遲遲方許會相逢，文書不見信難通，君問尋人也應空，人在東南得飽暖，方許相逢有延遲
159,347,陞遷,陞遷之卦最為吉，官星財星兩庭旺，辰戌丑未好佳音，陞遷上榜喜事臨，升遷之卦最為高，官鬼文書兩相交，中土座丑未戍辰，芳名著冊在銓曹
160,348,婚姻,占卜婚姻不為宜，小人對沖難溝通，先後緣份不周全，貴人造緣感情足，求婚占之不為宜，財祿逢沖事不齊，猶恐媒人不得力，又兼旁人搬是非
161,351,徵人,徵人員工事得當，官鬼安靜喜相生，不必多疑速決定，遲了又恐事難成，六爻安靜辰星旺，討僕添丁事的當，不必多疑須作速，遲遲又恐尚遲遲
162,352,選舉,中央選舉難成就，官鬼休咎未得宜，今歲未能勝選舉，來春方許順心意，財爻臨應破文書，官鬼休咎是未宜，今歲未能捐納吏，來春方許遂心機
163,353,告狀,告狀占之枉勞心，所告案件不順情，訴狀證詞不夠力，小人證詞上法庭，告狀占之枉勞心，欲告須知不順情，財破文書官鬼付，不如休息免災星
164,354,官運,官運最忌劫財星，目下應知難稱心，財破官暗先忍住，待交冬令官可臨，求官最忌弟兄興，目下應知未稱心，財破文書官鬼滅，滅交冬令始臨民
165,355,上司,上司得貴喜盈盈，工作進宮可順心，跟對上司從此榮，那時得濟家庭富，世高應下喜盈盈，欲進衙門喜稱心，勞速生育從此長，那時得濟造家庭
166,356,音信,音訊重重喜見之，上天相助有文書，亥子丑到音信到，不需愁悶其人知，弟兄持世有文書，家信重重喜見之，亥子未交家信至，不須愁悶其人知
167,357,置產,占買田園大吉昌，福神降臨買田產，地好種植多財利，喜逢貴人把心安，福神持世守田產，占買田園大吉昌，應位逢財多利益，喜逢中證好商量
168,358,買貨,買貨來占必稱心，財星福神兩星明，出入財源三五倍，財路平坦不受驚，文書官鬼兩分明，置貨來占必稱心，出入財源三五倍，路行平坦不受驚
169,361,子病,小兒有病何日祥，內外陰公兩得礙，要逢申酉方除厄，華陀在世得吉昌，天花兒郎何日強，子孫持世卻無妨，要逢申酉方除厄，一服仙方便吉昌
170,362,求職,若問求職有困難，意氣相投方可成，夏秋二季較難順，直到冬春方可全，若問謀事都作難，義氣相投方可參，夏秋二季休提起，直到冬春方可全
171,363,親病,疾病纏身父母親，官鬼相應有精神，庚辛戊己災星退，內陰公祈保安臨，疾病纏綿父母身，鬼爻相應有精神，庚辛戊己災星退，作福祈神保安寧
172,364,分家,目前分家有是非，暫時守舊有便宜，內外小人添麻煩，消除貪念免被欺，此卦分家有是非，豈知守舊得便宜，應高世下多煩惱，且自忍耐免被欺
173,365,身體,君身體疾病何妨，內外陰煞星辰見，造福祈神陰煞退，庚申方可見安氣，君占疾病有何妨，輕重星辰相見傷，作福祈神三煞退，庚申方許見安康
174,366,洽約,君問洽約有妨礙，事未相投不要忙，再逢官鬼來剋動，寅申已亥再嘗試，君來問會卦無妨，事未相投不要忙，再忌土煞來克動，寅申巳亥百事昌
175,367,移居,卦問移居事可為，家宅生我福神齊，日後讒言休要聽，移居之後福祿臨，卦問移居事可為，應爻生世福神齊，目下讒言休要聽，移居之後有歸依
176,368,買屋,占卜買屋不順心，此屋吉凶有差遲，安心守舊休輕舉，切莫胡為惹是非，此卦多凶不順宜，須知買屋有差池，安心守舊休輕舉，切莫胡為惹是非
177,371,公職,公職考試破官星，官運休囚總不濟，公考成績又如何，營謀他業步雲梯，財爻持世破文章，官鬼休愁總不如，科舉占之終未穩，營謀斷許步雲梯
178,372,學業,學業運佳恩臨身，學業相生文昌明，得文昌星位作養，年逢水火得揚名，讀書又許恩臨身，印綬相生得稱心，選入芹宮蒙作養，年逢水火得揚名
179,373,取討,欲作討取不用疑，官鬼上卦最有利，當在目下須做速，遲遲又恐不得濟，財初上卦最為奇，欲去取討不必疑，即在目下須作速，遲遲又恐不得奇
180,374,運途,運途得失由天命，吉凶窮通總在天，命運善果慢收成，晚年榮貴勝中年，榮枯得失皆由命，壽夭窮通總在天，欲蔔五行休息事，晚年命運勝中年
181,375,求醫,求醫無效且慢醫，病魔纏身有蹊蹺，淹淹疾病遲遲癒，去求神醫無神藥，醫藥無蹤且慢醫，鬼臨世位有蹊蹺，淹淹疾病遲遲愈，求來神藥不扶持
182,376,考運,考運文昌升學堂，績優如花滿庭香，平日苦讀有代價，魁星踢斗射星光，恩成士業已升堂，選入芹宮姓氏香，小試公庭求薦拔，文書端的射星光
183,377,貴人,問卜貴人難許得，庚辛申酉官鬼臨，久延問貴貴難求，及時造福貴必得，問卜天晴難許晴，庚辛卯午更傾盆，久晴問雨難求雨，久雨問晴未必晴
184,378,姻緣,姻緣占之緣最佳，官財子祿定不差，將來可婚成家計，夫唱婦隨實可佳，招婿占之事更佳，妻財子祿實堪誇，將來得此成家計，數蔔先天定不差
185,381,訴狀,訴狀答辯要文書，被告占之百事宜，自有貴人來相助，貴助庭外笑嘻嘻，鬼卜書辯耍文書，名利占之百事宜，自有貴人提拔去，當官訴辯笑嘻嘻
186,382,飼養,飼養事業未為良，損失養物大不祥，幸得吉神來剋煞，平平利益也尋常，鬼爻持世未為良，損失春蠶不大強，幸遇子孫來克鬼，平平利益也尋常
187,383,收帳,收帳錢財遇貴人，吉神臨門喜盈盈，路途驚恐雖然有，祿馬扶持保太平，收解錢糧遇貴人，子孫臨印喜盈盈，口途驚恐雖然有，祿馬扶持保太平
188,384,生意,占卦生意事不成，三番四復枉勞神，直待秋深冬到日，日日隨心必然成，占卦生意事不成，三番四複枉勞神，直待秋深冬到日，隨心方許必然成
189,385,文件,占領文書應會有，曰期應在亥子丑，貴人得力喜相生，管取文書來到手，佔領文書須便有，日期應在亥子丑，貴人得力喜相生，管取文書來到手
190,386,見貴,貴工作諸事難君，占長官未及昌選，定亥卯方和合過，此方知空自忙，世克應爻諸事難，君占見貴苦心煩，必交亥卯方和合，遇此方知空白忙
191,387,脫貨,卦占脫貨心著急，貴客支持吉利招，買賣應期亥子期，百謀皆順永無勞，卦占脫貨心為高，貴客支持吉利招，要脫應期亥子日，百謀皆遂永無勞
192,388,修宅,卦占修宅最為宜，起造逢之利六親，雖是眼前多耗財，臨門財喜後多饒，卦象占來最為高，起造逢之利六爻，雖是眼前多耗散，臨門財喜後多饒
193,411,買畜,買畜買牛生財源，此卦占之許順心，福德相助財甚旺，牲畜牛馬事宜成，買牛買馬作耕乘，此卦占之遂許心，世應兩生財甚旺，桴牛騾馬事宜成
194,412,回鄉,君問回鄉許順心，多增伴侶來作陪，認識貴人有助力，順風平安到家回，君問回鄉許遂情，只因伴侶有娥增，率有貴人有助力，管教穩步到家庭
195,413,風水,祖先風水官鬼臨，有水無風意不寧，雖有財氣不藏聚，人丁難安利平平，祖宗墳墓鬼爻臨，有水無風意不寧，雖有財星不藏聚，人丁可許利平平
196,414,求財,占卦求財終有望，財神雙利兩重財，若逢三七十數內，自然方順稱君懷，無妄求財終有望，世高應下雨重財，若逢三七十數內，自然方遂君心懷
197,415,放賬,求占放款不為奇，三思再想不可為，若是春間還有利，夏秋冬季有是非，求占放帳不為奇，三思再思不可為，若是春間還有利，夏秋冬季有是非
198,416,賭博,卜卦賭傅好賭錢，官鬼剋我不須猜，輸贏無法可定位，辰午之日白手來，蔔數占之好賭錢，應來生事不須猜，東西定位無心選，辰午之時白手來
199,417,借取,卦占借取要相宜，卻憂官鬼兩見之，三分財氣可應許，目下相求事可知，官鬼妻財兩見之，問人借取得相宜，三分財氣可應許，目下相求事可知
200,418,開店,君問開店事可為，店中經營沒是非，四季不如春季好，順心財喜事相圓，君問開店事可為，爻中經營沒是非，四季不如春季好，遂心財喜事相宜
201,421,飼養,卦占飼養意如何，官鬼降臨損傷多，成本增加利平平，切莫貪多要斟酌，君問春蠶意若何，鬼爻臨位損傷多，誠心祈禱平平利，切勿貪多更損和
202,422,修宅,修宅占之多利益，吉神降臨最為吉，春秋二季多可為，如逢冬夏最不吉，世應相和最為吉，起造占之多利益，春秋二季任君為，如逢冬夏不為吉
203,423,文件,問卜文件為批文，官貴重重即日臨，兩處貴人相得利，依然逐志笑顏開，人來問卜為批文，官鬼重重即日臨，兩處貴人多得利，依然遂志笑顏開
204,424,脫貨,卦占脫貨利為高，妻財重重卦重現，兩位貴人相助力，出門交易利多饒，數占脫貨甚為高，官鬼重重便見爻，兩貴人來相助力，出門交易利多饒
205,425,生意,卦中生意可經營，財利豐厚可順心，忙裡偷閒尋快樂，勝過他年十倍金，數中生意要經營，此卦占之得遂心，忙裏偷閒尋歡樂，勝過他年十倍金
206,426,訴狀,卦占訴狀不知情，暗處投明未必明，遇到寅申已亥日，貴人化解得相生，數中訴辯不知情，暗處投明未必明，待到寅申巳亥日，文書發動笑相生
207,427,見貴,見貴占之確有緣，他來生我我相生，重重提拔多吉利，情意相投利益多，見喜占之卻有緣，應來生世世相生，重重薦拔多吉利，情意相投笑語喧
208,428,收帳,收帳錢財事有驚，還防五鬼有相爭，如逢冬季平平過，若待春時定有刑，收解錢糧事有驚，還防雀角有相爭，如逢冬季平平過，若待春時定有刑
209,431,選舉,中央選舉重文宣，選舉占之不得宜，今年參選嫌太快，來年喜得姓名題，數占此卦兩文書，納吏占之也覺遲，今歲爻辭唯欠快，來年或把姓名題
210,432,買貨,君占買貨少如心，財位逢傷恐不成，縱成依然無大利，不如守己免勞心，君縱置貨少如心，世位逢傷恐不成，占使成之無大利，不如守己免勞心
211,433,工作,工作跟官樂欣欣，工作用心官貴人，官鬼遇貴多如意，以後成事利益深，欲進衙門近貴人，跟官無數樂欣欣，逢沖遇鬼多如意，已後成家利益身
212,434,罝產,置產種植卦為奇，福德星臨少是非，種豆得豆多利益，風調雨順財富歸，置田占此卦為奇，福德星臨少是非，非糧差輕多利益，勸君早就莫遲遲
213,435,官運,官運占此卦為奇，官鬼印星兩見之，木腳草頭人動力，夏秋兩季心意成，求官占此卦為奇，官鬼文書兩見之，木腳草頭人動力，夏秋兩季遂心機
214,436,徵人,徵人員工正得緣，求得正才亦美哉，不論招傭並討才，勞資雙方有和諧，卦占未濟兩重財，進口添丁亦美哉，不論招奴並討僕，定知日後有和諧
215,437,音信,音信深藏大有疑，親朋傳信未得宜，夏秋方許知端倪，當下忍耐莫心急，家信深藏大有疑，親朋傳信未為宜，夏秋方許知端的，目下還當忍耐些
216,438,告狀,卦占詞訟順君心，告狀逢官不用驚，不必憂疑多進退，貴人得力有扶持，卦占詞訟遂君心，告狀逢官不吃驚，不必憂疑多進退，貴人得力有扶持
217,441,學業,學業文昌來生世，讀書成就實無礙，占來定許業成就，木火之年顯家門，鬼應文書來應位，讀書成就實無疑，占來定許業成就，木火之年折桂枝
218,442,姻緣,卦占姻緣未堪誇，欲結婚內陰公磚，若是今愛勉強結，日後方知有怨言，卦占歸妹未堪誇，欲占招婿有參差，若是今日圖容易，久後方知有怨嗟
219,443,求醫,求卜醫病病無妨，可有靈丹及藥良，內外陰神礙始信，寅申已亥保安康，醫來克病病無妨，可有靈丹即便良，始信仙傳醫國手，寅申巳亥保安康
220,444,貴人,君問貴人間淋漓，天道陰陽沒定期，到底少知多貴人，時逢三七九可知，人間終日雨淋漓，天道陰陽沒定期，到底雨多晴日少，時逢三七九可除
221,445,運途,運途窮通不必疑，貴人無奈運未轉，十年好運才興起，家富人康百事為，君問窮通不必疑，將來造化卻何如，十年好運才行起，家富人康百事為
222,446,公職,公職考試不如意，高考不宜破星君，雖是貴人無阻隔，卻因他年步青雲，妻財持世克文書，科舉占之事不如，雖是入場無阻隔，只因當道有堪虞
223,447,考運,考運占之可稱心，貴人扶助必超群，行遠登高從此起，他年還許步青雲，妻財持世必超群，入學占之遂稱心，行遠登高從此起，他年還許步青雲
224,448,取討,取討資財兩見之，只宜急速不移遲，三分財氣時方許，七分財氣需貴人，取討資財兩見之，只宜急速不宜遲，三分財氣時方許，七分財氣尚遲遲
225,451,選舉,地方選舉不如情，是非重重事不寧，財旺升官終有望，不宜急迫且稍停，君占納監不如情，官鬼重重卦不寧，財旺生官中有望，不宜急迫且稍停
226,452,婚姻,占婚姻緣十分宜，貴人相助天已定，財喜重重多福壽，早早聯姻莫遲疑，求婚占此十分宜，二姓交孚兩得之，財喜重重多福壽，早當成就莫遲延
227,453,交易,生意占之事可為，成交之後有差疑，貴人顯星終可平，等待春時便可成，交易占之事可為，成交之後有差疑，六爻無鬼終須就，若在春時更可奇
228,454,陞遷,陞遷官鬼不分明，財動生官事可為，當道有情求助力，冬初秋底可明朗，六爻官鬼有分明，財動生官事可憑，當道有情求助力，冬初秋底有殊恩
229,455,六甲,六甲平安兩無礙，子孫旺相助妻財，寅午戌到佳音至，平安孕育保無災，子孫旺相助妻財，子母夫妻兩得諧，寅子戌爻音信至，平安孕育保無災
230,456,尋人,娶妻占之卦伏藏，妻財不見子孫傷，官鬼神裏顛倒行，造緣免受話長短，取妾占之卦伏藏，妻財不見子孫傷，綠衣黃裏休顛倒，免被旁人話短長
231,457,娶妻,尋人何必苦追尋，消息雖真不得知，只恐旁人來做誤，虛心實意枉奔程，尋人何必苦追尋，消息雖真不得知，只恐旁人來做鬼，虛心實意枉奔忙
232,458,調解,欲占調解稱君心，兩方和事就可成，唯有官鬼來作恐，喜逢主事要和合，欲占和事稱君心，世應相生事可成，只恐一人來做鬼，喜逢原被要和平
233,461,合夥,合夥經營事可為，目前已知無大利，貴人來臨喜財神，遲遲財喜自相宜，子孫持世最為宜，合夥經營事可期，目下雖知無大利，遲遲財喜自相宜
234,462,走失,君問卜走失之事，旁人擾惑出家門，事當節制多不疑，順順追尋猶可獲，走失家人來問卜，事當節但多不作，旁人啜哄出家門，遂遂追尋尤可捉
235,463,學藝,君占學藝要勞心，若得勞心事可成，秋初冬末多獲利，夏春財利略平平，君占手藝要勞心，若要勞心事可成，冬末秋初多獲利，夏春財喜略平平
236,464,壽年,問卜壽年可長久，乃是南山松竹友，一生心地皆無差，速造福延年益壽，君問壽年可長久，乃是南山松竹友，一生心地皆無差，兒孫對對福祿官
237,465,行人,君來占卜問行人，官鬼持世有信音，叔伯弟兄應亥子，子孫半僕在寅申，君來占卜問行人，黃犬青鸞有信音，叔伯弟兄應亥子，子孫伴僕在寅申
238,466,護送,護送問占有虛驚，行到中途要小心，春夏兩季無大礙，秋冬定占有刑傷，解人略忌有虛驚，行到中途要小心，春夏占之無大害，秋冬定佔有傷刑
239,467,家宅,家宅平平有是非，放心到底莫相疑，福神得力何須卜，秋季年冬利有期，家宅平平少是非，放心到底莫相宜，福神得力何須蔔，秋季年冬利有期
240,468,失物,失物之人枉自尋，賊星旺卦莫思量，失財遭竊休生怨，財去人安百世吉，失物之人枉自尋，賊人上卦莫思量，財當召見休生怨，財去人安百事昌
241,471,求職,求職占之大吉昌，官鬼持世小人防，時逢春夏多剝雜，定在秋冬財見高，謀事占之大吉昌，鬼爻持世小人防，時逢春夏多剝離，定在秋冬財見高
242,472,買屋,買屋占卜為可宜，久積錢財買屋居，成家立業多財利，旺發人丁百世居，久積青蚨買屋局，知君占宅數為宜，成家立業多財利，旺發人丁百世居
243,473,身體,身體占之宜保身，傷寒病痛總難期，內外陰煞貴人解，全仗貴人早日康，病犯星辰宜保之，傷寒時熱總難期，平安藥餌多多服，全仗神藥有扶持
244,474,移居,卜問移居事可為，卦中無鬼莫延移，福神到臨財星旺，以後方知利益興，若問移居事可為，六爻無鬼沿之遲，妻財持世財星旺，以後應知利益興
245,475,分家,分家占之此為凶，官鬼持世莫徒勞，經營雖小應有利，若是分家有禍招，分家占逢此卦爻，鬼爻持世莫徒勞，經營些小應收利，若是分家有禍招
246,476,子病,君來占卜問病症，內陰公礙定不差，縱有風波無浪起，吉星拱照萬事昌，君來占卜問天花，福德隨身定不差，縱有風波無浪起，吉星拱照喜哈哈
247,477,洽約,洽約來占不須憂，貴人扶持必無愁，日逢已午自成就，戊戌庚申可預期，會事來占不用憂，福神拱照必無愁，日逢巳午方成就，戊戌寅申可遇頭
248,478,親病,君占親病事如何，病到臨危又復生，日逢已午痊癒好，祈福無災平安樂，子占親病事如何，病到臨危又複生，日逢巳午全愈好，從此無災過有秋
249,481,求子,卦占求子可順心，否極終須有泰來，陰陽無破終須有，造福求神產貴胎，否極終須有泰來，數占求子遂心懷，六爻無破終須有，求神作喜產貴胎
250,482,桃花,桃花須知運氣高，欲佔異性釣如鰲，幸得福緣重重臨，東成西就樂陶陶，取魚須知志氣高，欲占長川釣巨鼇，幸得福神重重卦，東成西就樂滔滔
251,483,同居,同居情緣事可為，福臨門庭自有排，只嫌卦內姻緣稀，速造桃花子結果，贅婿求婚事可為，財臨應位有歸依，只嫌卦內文書照，花則多移子結稀
252,484,收成,卜收成不得天時，時運不濟財利稀，早禾不如晚禾好，他日方計好收成，種田難許大收成，雨少晴多雨不均，早禾不如晚禾好，他時方信卦通靈
253,485,夜夢,夜夢顛倒不必憂，只因多利在心頭，紛紛人事難同願，待到春來始得求，夜夢顛倒不必憂，只因多利在心頭，紛紛人事難同願，待到春來始遂求
254,486,口舌,口舌是非也需防，小人終須有一場，凡事休強須退步，且饒饒人最為良，是非口舌也須防，破好終須有一場，凡事休強須退步，饒人一著最為良
255,487,住宿,知君住宿有定奪，住宿己經有安排，吉神臨身可安逸，賓至如歸似錦羅，父母重重舉薦多，知君求館問如何，子孫持世多財力，賓主相投似錦羅
256,488,出行,出行君來問此卦，防意外麻煩虛驚，汪然跋涉費心機，勞苦奔走無事成，此卦君來問出行，鬼爻持世有虛驚，徒然跋涉無些利，奔走勞勞枉費心
257,511,修宅,修宅占之福德饒，吉星財富最為奇，興家立業從今起，富貴榮華日後見，起造占之福德饒，八純幹卦最為高，興家立業從今起，富貴榮華在後招
258,512,收帳,收帳占卜無是非，吉神來臨有扶持，有驚無險免猜疑，財利'雙全歡喜歸，子孫持世有扶持，問解錢糧無是非，驚恐有些無大害，完官得意喜歡歸
259,513,生意,卜問生意不必疑，官鬼凶神兩邊走，貴人扶助百事昌，目前有七分財利，官鬼文書兩字諧，若問生意不必挨，貴人應有扶持力，目下許君七分財
260,514,見貴,卦占見貴十分全，出入求榮果有緣，魚水相投多吻合，東成西就益財源，卦占見貴十分全，出入求榮果有緣，魚水相投多契合，東成西就益財源
261,515,脫貨,脫貨求財必稱心，行情價值喜相生，戊已來臨方可順，如逢寅卯且稍停，文書臨應喜相生，脫貨求財必稱心，戊己來臨方可遂，如逢寅卯且稍停
262,516,飼養,飼養牲物未為良，飼養勞苦事不祥，幸得福神來護佑，收成一半可平常，世喜應外未為良，蠶事勞勞不大強，幸得福神來上卦，收成一半可平常
263,517,訴狀,訴狀答辯不知情，勉強行之定有刑，待得秋來可分明，貴人解化莫遲疑，卦占訴辯不知情，勉強行之定有刑，待得秋來可分剖，目下忍耐莫生嗔
264,518,文件,文件世應來相生，欲領回文可順心，戊己庚辛方入手，如逢寅卯且稍停，文書應世應相生，欲領批回可稱心，戊己庚辛方入手，如逢寅卯且稍停
265,521,桃花,桃花精通可無阻，花園湖海顯高手，風平浪靜福自來，順心如意偶成雙，取魚精通可立身，釣船湖海顯高明，自強不息工夫妙，到手隨身利益增
266,522,出行,出行占卜有差訛，時機不對難相和，秋冬之季才順心，春夏之時憂慮多，此卦應世不比和，出行還記有差訛，秋冬之後才順利，春夏之時憂慮多
267,523,夜夢,夜夢顛倒不必憂，五鬼劫財意外災，一時謹慎無煩惱，貴人自在得清閒，官鬼妻財兩事周，蒙魂顛倒不須憂，一時謹慎無煩惱，困守清貧可自由
268,524,住宿,住宿占卜夜空忙，官鬼運逢人為良，莫聽旁言快換房，值待黎明再主張，世應守空未為良，君來占館莫空忙，勸君莫聽旁人語，直待年末再主張
269,525,收成,卜問收成實美哉，豐富收成雙重財，一分耕耘三分收，豐年財利順無災，澤風大過兩重財，若問收成實美哉，旱少雨多禾稻穩，高低兩處並無災
270,526,求子,求子無子命中招，目前要求難順意，內外陰公風水礙，等待貴人栽仙桃，子遲子早命中招，且自安心不用焦，目下有求難遂意，海中高樹有仙桃
271,527,口舌,口舌難免不為凶，有驚官鬼在其中，有水無風總是空，自然消散得合和，是非雖有不為凶，有水無風總是空，只管安心休畏懼，自然消散得和同
272,528,同居,同居占之喜氣濃，妻財子孫兩星榮，他年管教成家業，少婦齊眉直到終，入贅占之喜氣濃，財逢妻子兩星榮，他年管教得家業，少婦齊眉直到終
273,531,婚姻,官鬼婚姻未相諧，雙方多有刑相剋，他年秋冬另有緣，貴人造緣婚姻祥，鬼臨世位克妻財，若問求婚事未諧，須到秋冬另有急，自有好緣遂心懷
274,532,調解,調解占之不吉祥，多重意見難和解，如在冬季順心意，若在春秋有刑傷，和事占之不吉祥，弟兄持世難商量，交冬方得遂心意，若在春秋有刑傷
275,533,六甲,六甲生產多喜氣，子孫重重子楝樑，母子俱安無足慮，貴神護佑得安寧，子孫持世子星明，孕產多應喜氣生，母子俱安無足慮，數中保汝得安寧
276,534,尋人,尋人卜問要貴人，亥子丑日音訊明，不必憂心空猜疑，自然平安返家庭，應來生世問尋人，子丑亥日定有因，不必憂心空費力，遲遲自得返家庭
277,535,陞遷,君卜陞遷問此卦，怎奈文書不周全，冬令貴人來扶助，管夏秋猶恐遲延，君占此卦問升遷，怎奈文書爻不全，冬令喜神多失幹，夏秋猶恐有遲延
278,536,選舉,地方選舉不為奇，君占選舉不利己，雖然目下難順意，管教秋冬願可期，未濟之中終有濟，君占納妾不為奇，雖然目下難遂意，管教秋冬願可期
279,537,娶妻,娶妻只貪美貌才，婚後只恐不和諧，不如貴人造此緣，自有姻緣自然久，取妾原貪美貌才，到家只恐不和諧，不如丟過遲已娶，自有佳人送子來
280,538,交易,交易占之最為吉，買賣認同可成交，若得利在秋季明，相生相利財利昌，交易占之屯卦爻，應來生世許成交，若占利源秋季旺，百世相生福祿昌
281,541,買屋,買屋占之事可依，只宜速置不疑遲，春秋恐被旁人奪，夏季置產必定宜，買屋占之事可依，只宜速置不宜遲，春秋恐被旁人奪，夏季占之必定宜
282,542,親病,親病內陰佔不吉，造福消業或可延，年逢七九休歡喜，兼收妙計始無疑，父母得病把卦占，許福求神或可延，年逢七九休歡喜，兼收妙計始無尤
283,543,分家,現在分家順有成，自然得利不須愁，福神相助臨門來，財利滔滔無怨尤，應識分家後有收，自然得利不須愁，福神旺相臨門戶，財利滔滔無怨尤
284,544,洽約,洽約不安事有然，福神不來事難全，但是目前難兩全，多方祈求共相連，福神不遂事難全，同會不安事有然，但是目前難就急，可交同氣共相連
285,545,移居,卦問移居可稱心，不移當然是非生，吉星應在東南位，家業田園百事亨，欲問移居許稱心，不移當有是非生，吉星應在東南位，家業田園百事亨
286,546,求職,卦占求職有蹊蹺，義氣相投才可交，若能誠心臨門戶，寬心財利曰日招，卦占謀事甚蹊蹺，義氣相投財可交，若能遂意臨門戶，管教財利日日招
287,547,子病,君占子病有吉凶，內陰災星臨門戶，非神保佑難治療，行善發願祈仙翁，君占子喜可吉凶，乃是災星臨命宮，非神保佑難為力，猶宜急禱祈神仙
288,548,身體,君占身體是無妨，福德天醫不吉祥，求神發願並造福，遲遲方許得安康，君占疾病事無妨，福德天醫不順祥，可去求神並作福，遲遲方許得安康
289,551,姻緣,姻緣未現枉費心，月老無力救有情，姻緣應在貴人臨，但請官鬼放太平，招婿占之枉費心，子孫受克已無情，若還應重龍子選，方許成家立太平
290,552,討取,占問討取事可成，從今財物自然增，求謀順意無攔阻，申子辰日見祥正，占問討取事遂心，從今財物自然增，求謀遂意無攔阻，申子辰日見祥正
291,553,運途,運途好壞天注定，眼前造化巳非常，貴人積德兩相助，子子孫孫福祿長，命運何須說細詳，眼前造化已非常，再能積德行方便，子子孫孫福祿長
292,554,考運,卦占考運喜非常，入學考試定有名，貴星臨門皆得力，管教拔選棟樑才，應來生世喜非常，入學占之定有功，上下貴人皆得力，管教拔選入黌宮
293,555,貴人,占問貴人力不從，東南東方有貴尋，若還問貴寅申見，貴多貴少卦有靈，欲問天晴天不晴，東南方上有青雲，若還問雨寅申見，雨少晴多卦有靈
294,556,學業,卦占學業力平常，文昌降臨仍可行，讀書靠己勤學進，學業才高自顯明，世應重重兄弟存，子孫臨應可施行，讀書修己工夫進，學業才高自顯明
295,557,公職,公職考試文書破，官運科舉不如前，子午之年使得力，今日休問貴高低，子孫宮被文書破，科舉占之恐不如，子午之年始得力，今日休問貴高低
296,558,求醫,求醫卦問藥無助，健康平平病不凶，源源福來自然癒，造福廷年益壽長，迎醫行世兩利同，柔位平平病不凶，觀我終身君子道，須知不藥自然通
297,561,回鄉,君占此卦要回鄉，路途遂遙有損傷，若在秋冬莫妄動，夏春兩季也平常，君占此卦要回鄉，程途迢遙有損傷，若在秋冬莫妄動，夏春二季也平常
298,562,開店,卦占開店不從心，勉強開之必有驚，若是不聽切莫勸，知財難收名難成，卦占開田不從心，勉強開之必有驚，若是不開切莫勸，須知貪戀少收成
299,563,放賬,放帳占之必有收，財官鬼變主憂愁，活鬼旺動小人昌，算本還頭莫妄求，放帳占之必有收，財爻鬼變主憂愁，弟兄兩見財無旺，算本還頭莫妄求
300,564,借取,問卜借取定便宜，雙方願意借貸物，求謀遂意無攔阻，貴人絕為喜可期，官鬼妻財兩見之，問人借取定便宜，求謀遂意無攔阻，一任施為喜可期
301,565,求財,求財喜得貴人強，財神臨門大吉昌，但是目前防有阻，遲遲方許遂心意，求財喜得貴人強，世應相收大吉昌，但是目前防有阻，遲遲方許遂心腸
302,566,買畜,君占買畜未為好，如已經營莫貪疑，若妄買進恐失利，還防走失不周全，販賣六畜未為好，且有經營莫枉幹，若枉買時恐失利，還防走失不周全
303,567,賭博,賭博占之許稱心，官鬼生我喜財益，時逢亥子財星旺，一擲金錢得萬利，賭博占之許稱心，應來生世喜相生，時逢亥子財星旺，一擲金錢得萬文
304,568,風水,君問風水事非宜，前有空嶇後有崎，辰已乾龍方算美，其餘山向不為奇，君占風水事非宜，前有空嶇後有崎，辰巳乾龍方算美，其餘山向不為奇
305,571,走失,卦卜走失不必尋，吉神未現枉勞神，東南方位相安樂，細訪從容報佳音，逃去家人不必尋，子孫未顯枉勞神，東南方上相安樂，細訪從容報好音
306,572,失物,失財失物不須忙，尋物往東東南南，已亥有人傳消息，甲戊庚日見正詳，失財失物不須忙，躲在東南水井旁，巳亥有人傳消息，甲戊辰日見正祥
307,573,行人,君占此卦問行人，人在他方身未動，不但不是無消息，須防冬令有虛驚，君占此卦問行人，人在他方未轉身，不歸來時無利息，還防冬上有虛驚
308,574,家宅,家宅平安福壽長，官鬼不現信無妨，安康平利長久見，人丁顯達家門揚，家宅平安福壽長，鬼爻官克信無妨，三分利息秋冬見，春夏占之更喜揚
309,575,壽年,壽年問卜用心機，平生勞綠早年刑，身弱病纏免憂心，老景豐食壽元足，平生勞碌用心機，早年刑克可相期，老景豐衣可足食，壽年八十內外傳
310,576,合夥,合夥占之百事亨，財神臨門兩見利，財旺人和多喜事，誠信合作百利昌，子孫持世卦為親，合夥占之百事亨，財旺人和多喜色，管教日後好收成
311,577,護送,護送占之主和諧，雖是奔波可放懷，只恐纏綿延歲月，交待事滿貴人來，解人占之主和諧，雖是奔波可放懷，只恐纏綿延歲月，交還便得貴人來
312,578,學藝,學藝高成可發揚，雖是勞心又勞力，貴人臨門卦為昌，一年四季利汪洋，子孫持世卦為昌，手藝高成可發揚，雖是勞心並勞力，一年四季利汪洋
313,581,買貨,買貨難許順君懷，五鬼阻礙事不諧，勉強完交少利益，閑非口舌不可聽，子人難許遂君懷，貪合逢官事不諧，置後完交多利息，閑非口舌不可聽
314,582,告狀,君占告狀稱君心，官鬼扶持事可成，若還見官有刑勉，勸君和解免憂災，君占置貨稱君心，官鬼扶身事可成，若還見官有刑克，勸君和息免憂災
315,583,官運,官運未能順君意，秋冬之季官運暗，春夏兩季猶可通，貴人助官運亨通，求官未許遂君懷，貪合之官亦難諧，春夏兩季猶可勝，還得貴人好商裁
316,584,音信,卦占信音阻隔稀，心急如焚欲見面，望穿秋水莫憾遺，春初夏末是歸期，家鄉阻隔信音稀，眼望穿兒意莫遺，目下須知當見面，春初夏末是歸期
317,585,置產,君問置產莫憂疑，福德田中利祿肥，管取旁人兩相爭，早種植早豐收成，置田占此莫猶疑，管取田中利祿肥，休得旁人爭買去，早當成就莫稽遲
318,586,選舉,中央選舉事未安，財能助名破官印，君未見機有煩惱，遲遲方許顯耀祖，財能破利子傷官，納吏占之事未安，君不見機應著惱，遲遲方許遂心懷
319,587,徵人,君來問卜徵人員，求才求賢助益多，目下閑言休妄聽，成事參半在於已，君來問卜討家奴，永遠綿長後我多，目下閑言休枉聽，一心辨價莫教訛
320,588,工作,問卜上司恐不諧，工作守舊並無害，若要妄動不自力，定有刑傷費心機，君進衙門恐不諧，只宜守舊自無災，若要妄想繩頭利，定有刑傷費心懷
321,611,出行,出行占卜萬事吉，平安順利無差失，春更財利自然高，秋冬空思汪費力，世應比和萬事吉，出行順利無差失，春夏財利自然高，還占秋冬空費心
322,612,同居,同居情緣未為歡，男女無情事不安，無緣強求要斟酌，日後不離造緣吉，鬼爻無氣未為歡，男女無情事不安，入贅求婚要斟酌，恐防日後不安全
323,613,收成,君問收成恐不多，勞心勞力枉費心，良田不及劣田好，富貴重重破財損，君問秋收恐不多，勞心勞力枉奔波，高田不及低田好，富貴重重破損多
324,614,口舌,是非口舌不須怕，樹正何愁月影斜，貴人喝散不用懼，守已安然莫管他，樹正何愁月影斜，是非口舌不須嗟，貴人喝散何須懼，守己安然莫管他
325,615,住宿,君問住宿此間房，須知此館不安全，無奈官鬼有事端，捨此求別可安樂，君來問卜為身謀，求館須知不到頭，無奈主人性情異，不如舍此再他求
326,616,桃花,占卜桃花多阻礙，交心如遇風雨臨，秋來有餘勝仲秋，先知因由定商量，君占取妾事高強，欲通術數定商量，交加口舌無防事，秋高結子勝中堂
327,617,求子,求子占之尚未然，刑傷剋害見孫兒，將來得子成家業，晚景安閒樂子賢，求子占之尚未然，刑傷克害見他年，將來得子成家業，晚景安閒樂自然
328,618,夜夢,夜夢吉凶事難成，家不成兮業不就，精神虛弱休囚強，修造福德身康寧，家不成兮業不就，夢魂顛倒成難剖，三年後運與交成，利祿兼優齊相湊
329,621,告狀,告狀之事不稱心，官鬼擾礙告難成，更忌小人在暗動，不如忍耐且稍停，卦中無鬼事難成，告狀知君不稱心，更忌兩重財暗重，不如忍耐且稍停
330,622,工作,欲問上司事不如，工作官運兩差疑，回頭趕早成家計，免受刑傷才覺醒，置田占此問端祥，置後財多利更長，卻喜中人更有力，田財之後必高強
331,623,置產,君卜置產問端詳，買後財多利更長，仲介厚利更有力，日後雙利順高強，欲問跟官事不如，文書官鬼兩差池，回頭趁早成家計，免受刑傷空自籲
332,624,徵人,徵人占之事難成，吉神不臨卦分明，陰陽兩空心鬼動，將來口舌有紛爭，子孫不上卦爻間，討僕占之事應難，世應兩空官鬼動，將來口舌有憎嫌
333,625,音信,音信遲遲未見來，要逢子午佳音開，家內皆無安穩事，盼望時時願早來，家信遲遲未見來，要逢子午一音開，宅中皆無安穩事，盼望時時願早來
334,626,買貨,買貨占之未順情，更逢沖突難如願，官鬼礙財利難遂，如在春冬更難全，置貨占之未遂情，應逢衝突有相爭，鬼爻持世知難遂，如在春冬難佔先
335,627,選舉,中央選舉難當選，選民擁扔賁人扶，若臨秋夏可順心，如在春冬更難當，納吏占之卦遇成，相世生應事無難，若臨秋夏心多遂，如在春冬難佔先
336,628,官運,求卦官運喜相生，官鬼明亮來生助，夏季春時任君意，秋冬遲延欠如心，鬼爻臨應喜相生，此卦求官必稱心，夏季春時隨君意，秋冬略略欠如心
337,631,討取,取討財物未順心，虛名虛利久沈沈，癡心指望圓前進，待等運到鐵成金，虛名虛利久沉沉，取討財物未遂心，癡心指望圖前進，待等運動鐵成金
338,632,求醫,卜問求醫病痛急，外陰公礙不須疑，得造福德延年壽，必遇良醫癒可期，急占忙忙蔔請醫，應來生世不須疑，持身福德醫長致，必遇良醫愈有期
339,633,貴人,業力應旺太陽陰，貴人而今眼前知，若是久久還未遂，時逢甲子貴人顯，離宮太旺太陰明，晴雨而今眼見晴，若是久晴還有雨，時逢甲子雨又晴
340,634,公職,卦卜公職考試旺，十年寄跡在寒窗，公職每多順心意，此番斷許姓名揚，十年寄跡在寒窗，今日文章射鬥光，科舉占之多遂意，此番斷許姓名揚
341,635,考運,卜占升學考運興，但絕好文章不明，此次每運難得意，成績不利枉勞心，來占進學弟兄興，絕好文章見不明，一任細思空得意，運中不利枉勞心
342,636,姻緣,女問姻緣得好緣，吉星婚姻門庭開，未緣之中終有緣，晚年有靠福祿昌，招婿占之得乾爻，福祿妻財兩見交，未濟之中終有濟，晚年有靠此為高
343,637,學業,學業無位不為佳，讀書為業未足誇，若要讀書須命湊，財源方許擁烏紗，鬼爻無位不為佳，學業占之未足誇，若要讀書須命湊，財源方許擁烏紗
344,638,運途,運途勞苦皆是命，造福轉運總有靈，謀而不順免生怨，再過三春福祿全，一世勞苦皆是命，數年勞困總有天，謀而不遂休生怨，再過三春福祿全
345,641,失物,問失財物不須焦，財去財來命裡招，寅卯亥子清見到，一輪明月財物明，失物失財不須焦，財去財來命裏招，寅卯亥子清見到，一輪明月照兩郊
346,642,學藝,占學藝得順心意，才藝財旺事業真，春夏兩季平平利，一到秋冬益利臨，身旺財爻事志真，來占手藝得遂心，春夏兩季平平利，一到秋冬利益增
347,643,壽年,壽年不足問心事，不覺晚景有餘寧，到底壽元多少數，花甲之春方可期，少年不足遂心機，不覺風景有餘寧，若問壽年多少數，花甲之春方可期
348,644,護送,護送占之雖有險，完成任務有功勞，幸有貴人來助力，災非見過保安寧，解人占之兩重爻，爻卦須記有功勞，幸得貴人來助力，災非見過保安寧
349,645,家宅,卦卜家宅最為吉，興旺妻財喜見饒，煩心耽憂無大害，夏秋還有大招財，數占家宅最為高，興旺妻財喜見饒，小晦有些無大害，夏秋還有大財招
350,646,走失,人丁走失無定期，緣盡無緣難有情，命運騫時休妄想，心寧通達不須言，人丁走失相先天，雨下無情難再連，命運蹇時休妄想，百凡通達不須言
351,647,合夥,合夥占之不須疑，貴人顯達入家門，春秋二季財源穩，出入為商百事為，合夥經營卦最佳，不須疑問聽凡心，春秋兩季財源穩，出入謀為百事宜
352,648,行人,行人未見音信稀，沖破文章事不諧，已亥庚申方有信，滿門財喜稱心懷，行人未見信音稀，財破文章事不諧，巳亥庚辛方有信，滿門財喜稱心懷
353,651,親病,親病官鬼病難安，家內外陰造福昌，待到秋季病方減，還須調理才安癒，六爻無鬼病難安，父母占之自不安，待到庚辛方漸減，也須調理才安痊
354,652,身體,君為身體病擔憂，官鬼病重令人憂，臨寅午戍病漸退，發願造運平安過，君因目下病擔憂，世應逢官不必求，寅午戌亥方漸退，神前祁保可無愁
355,653,移居,欲問移居不可移，移時不見有貴人，還應安舊休搬動，待到秋來得福臨，欲問移居不可移，移時不見有高低，還應安舊休勞碌，待到秋來得便宜
356,654,子病,兒病內陰不須驚，貴神相助貴氣明，良藥能驅陰病症，三頭四日即安寧，孩兒有喜不須驚，應下援身喜氣臨，良藥能驅夙小症，三頭四目即安寧
357,655,洽約,君占洽約會如何，陰陽差錯未分明，意見綿綿事難成，如逢子午得周全，君占會事可如何，官鬼星明印位多，雖是綿綿難成聚，如逢子午得周全
358,656,買屋,買屋置產無不妥，文書官鬼兩相和，購置房產是時機，二十餘年機運多，置產占之無不妥，文書官鬼兩相和，移家之後財源旺，二十餘年積聚多
359,657,求職,君占求職問如何，憂慮煩惱不適宜，卦內妻財全不見，轉運修持樂欣欣，君占訴事問如何，官鬼重重受折磨，卦內妻財全不見，時來方唱樂欣歌
360,658,分家,分家占之是不全，父母持世家團圓，再過三載福祿至，兄弟分財亦如願，子孫持世廣財源，放債占之事可全，財力重重方信算，四季財源利如泉
361,661,收帳,收帳錢財問卦吉，官鬼持世沒虛驚，幸君人事多順意，利益平平得太平，收解錢糧來卜吉，子孫持世沒虛驚，幸君人事多般遂，利息平平得太平
362,662,文件,領文件占困難明，不明文書心難安，要忌小人多阻隔，必須破費得周全，領文占之至先難，不破文書心不安，要忌小人多阻隔，必須破費得周全
363,663,脫貨,卦占脫貨恐要遲，財破價低陪本錢，要忌小人來暗礙，還要破費才周全，卦占脫貨恐遲遲，財破文書事少緣，要忌小人來暗算，若還要破費周全
364,664,訴狀,答辯訴狀要防輸，輸贏逢凶卦未明，稍為計施主返客，待到庚申意自成，克世逢凶卦未知，欲知訴辯要防輸，稍為必將緩待客，待到庚申意自舒
365,665,見貴,見貴占之樂事憂，財星貴人喜相合，福祿重重無破定，更逢春水樣春波，財爻持世喜相投，見貴占之樂事憂，福祿重重無破定，更逢春水漾春波
366,666,起造,起造宅房百事宜，家丁財利多興旺，吉時無破任君為，吉祥康寧君來取，起超占之百世諧，世爻無破任君為，田園六畜多興旺，任意作為不必疑
367,667,飼養,飼養六牲頗稱心，官鬼興合得千金，括中劫煞沒防損，造福積德更得真，君問春蠶頗稱心，內爻興旺得千金，其中其鬼沒防損，作福祁神使得真
368,668,生意,生意占之未見誇，官鬼財利有落差，只宜謹慎加斟酌，更待春來方可佳，生意占之未見誇，鬼爻持世有參差，只宜謹慎加斟酌，只待來春方可佳
369,671,開店,開店占之事不宜，時運不對官鬼旺，卦內福神全不現，財鬼無氣枉心機，鬼爻持世卦為奇，開店占之事不宜，卦內福神全不見，財爻無氣枉心機
370,672,風水,君占風水並無憂，乾坤龍虎兩相迎，吉圓山向是有情，子孫永保福錦長，君占風水並無憂，龍虎相迎合巽乾，山向有情兼大利，子孫永保福綿長
371,673,求財,卦占求財要注意，兩人合作相意願，亥子丑臨方可旺，一人主事有差疑，卦占求財欲解疑，兩人合意自相宜，亥子丑臨方可旺，一人主事有差遲
372,674,賭博,賭博目前可得運，財星臨庫不為奇，如遇秋冬防未穩，若逢春夏自能期，財臨世位有稀奇，賭博場中事最宜，如遇秋冬防未穩，若逢春夏自能期
373,675,借財,借取錢財事為吉，再請高人來幫忙，春夏兩季尚可求，如遇秋冬難償還，六爻安靜最吉昌，借取銀錢要著方，春夏占之尚可求，如遇秋冬難濟急
374,676,回鄉,回鄉目前不為疑，貴人相助阻有誰，歸心似箭可平安，路途平坦少憂疑，回鄉占此蔔為疑，我克他人阻有誰，福德財爻俱上卦，路途平坦少憂疑
375,677,買畜,買賣禽畜價錢宜，福德妻財兩齊全，購買牲畜或寵物，恰是天運事有緣，交易來占問價錢，妻財福德兩兼全，欲求六畜豬牛馬，生物相宜事有緣
376,678,放賬,放款占之利息有，官鬼持世旺財源，如遇春夏猶難就，若到秋冬保事成，子孫持世旺財源，放帳占之利息全，如遇春夏猶難就，若到秋冬保得成
377,681,調解,調解占之喜順情，兩人公道得安寧，私和若不官和好，勉強和來恐不能，和事占之喜遂情，兩人公道得安寧，財旺重重無欠缺，將來必定有歸完
378,682,交易,交易難逢買賣人，困難重重勞碌奔，等待時機貴人臨，勉強將來必定還，買賣難逢買賣人，欲占交易不如情，私和不如官和好，兒強和來恐不能
379,683,陞遷,陞遷問卦是時機，把握官鬼兩分明，秋初夏末時可得，進祿加官可稱心，此數熒熒官鬼明，君占此卦問遷生，秋初夏末多權印，進祿加官可稱心
380,684,娶妻,卦占娶妻未可期，擇來必定官鬼逼，姻緣已過有憂疑，造緣強求無是非，取妻占之未可期，應逢隔角有憂疑，若還勉強求成就，管主將來有是非
381,685,尋人,尋人問卦且放心，此人在外得安康，寅申已亥應宜獲，管取人財返家庭，世應相生且放心，尋人端許得相親，寅申已亥應宜獲，管取人財返家庭
382,686,婚姻,婚姻占之不為宜，憂慮重重有是非，若是重婚或外遇，刑傷見過任君為，求婚占之不為宜，官鬼重重有是非，若是重婚加外後，刑傷見過任君為
383,687,選舉,選舉求官許順情，地方選舉官來臨，夏季收成秋未可，秋冬貴助喜成名，地山謙卦鬼門臨，納監求官須遂情，夏季收成秋未可，秋冬貴助喜成名
384,688,六甲,六甲生產有虛驚，官鬼相沖卦未寧，時逢寅卯災星脫，保得母身子無驚，世應相沖卦未甯，妻宮子育有虛驚，時逢寅卯災星脫，保得母身子無驚
385,711,工作,占卜工作亦無害，上司順從禮上來，方能得貴財星旺，管取他年得財利，從富須從臉上來，跟官守分亦無災，世高應下財星旺，管取他年得利歸
386,712,官運,問官運應可眭門，貴顯秋冬事可安，貴人逢達可相安，只恐夏春多有阻，文書臨應可求官，要在秋冬謀始安，只恐夏春多有阻，必須時至可相安
387,713,音信,君占音信事如何，官鬼文書音信無，秋季之中猶可望，春夏兩季孔全無，君占家內信如何，官鬼文書音信無，秋季之中猶可望，春淹夏滯恐全無
388,714,選舉,中央選舉成名期，不須疑慮問高低，今日破耗休慳吝，恐過機緣不相宜，納吏成名在此時，不須疑慮問高低，目今破耗休慳吝，恐過機緣不相宜
389,715,徵人,卦占徵員雖如願，欲徵人才未必良，夏秋兩季是非多，縱然要徵再商量，文書持世子孫昌，欲討家奴未必良，夏忌閑非多失脫，縱然要討再商量
390,716,告狀,告狀占之得順情，文書官鬼兩相臨，事理可明免憂心，告狀終須理得知，告狀占之得順情，文書官鬼兩相臨，應來生世他生我，告狀終須理得知
391,717,買貨,買貨占得事可成，官鬼相宜不須忙，十分財利平安得，用心經營保久長，置貨占君有貴幫，子孫持世不須忙，十分財利平安得，一任經營保久長
392,718,置產,置產占得恐非宜，官鬼文書有是非，買得來時搞臨身，是是非非難見利，置田占之恐非宜，官鬼文書有是非，買得來時花利少，糧多差重重非宜
393,721,交易,卜交易之事可商，中人得力福星強，貴人臨門財利旺，正是時日保無妨，子孫持世福星強，交易占之事可商，得力中人來助我，不順疑慮保無妨
394,722,六甲,卦占六甲順心意，母子平安內陰明，冬夏男女人丁旺，虛驚雖有不猜疑，兩重父母一重財，孕育占之實美哉，冬季生男夏產女，虛驚雖有不害傷
395,723,尋人,尋人占之喜相逢，路上相生最有功，岸畔永邊相聚會，人財兩見喜重重，尋人路上喜相逢，世應相生最有功，岸畔水邊相聚會，人財兩見喜重重
396,724,選舉,地方選舉不如心，逄凶官鬼不足論，勸君暫緩不要急，更防目下有虛驚，君占納監少如心，世位逢凶不足論，且自遲遲休要急，更防目下有虛驚
397,725,娶妻,占卜娶妻事如何，美貌青絲好嬌娥，更得明珠生貴子，要知造緣得和合，欲占取妾事如何，美貌青絲好嬌娥，更得明珠生貴子，要知造化得中和
398,726,調解,調解應知未順情，不須退步免虛驚，重重官鬼來相剋，必得官貴顯可成，和事應知未遂情，不須退步免虛驚，重重官鬼來相克，必得官和照可成
399,727,婚姻,現在婚姻占卦奇，男女相生福祿饒，夫婦齊眉家計足，女多子少命中有，求婚占此卦為高，世應相生福祿饒，夫婦齊眉家計足，女多子少命中招
400,728,陞遷,欲問陞遷事未隨，官鬼臨應剋妻財，勿聽旁人說虛信，只宜守舊必然諧，鬼爻臨位克妻財，欲問升遷事未隨，休聽旁人說虛信，只宜守舊必然諧
401,731,身體,君占身體陰公病，五臟難安四肢疼，內外陰煞臨門入，查明因由定安寧，君占疾病問神明，四肢難安節骨疼，家內福神並宅鬼，三牲俱獻定安寧
402,732,分家,卦占分家事不宜，五鬼紛爭有是非，待到來春方起意，可保無慮有和美，此卦占來有不宜，君問分家有是非，待到來春方起意，方保無虞有和美
403,733,洽約,君問洽約會纏綿，無奈星辰全不然，莫讓官鬼將事算，破費財務又刁難，君來問會事纏綿，無奈星辰信不然，莫被小人將事算，破費財物又熬煎
404,734,求職,君卜求職事多礙，西北星辰作禍害，可請親友相扶助，寬得貴人來相佐，君問謀事掛心懷，西北星辰作禍災，只請親友驅逐去，貴人得喜不為難
405,735,子病,占卜兒病有因由，誠心祈福不必憂，家中內陰還報恩，身康體健不須愁，誠心占卜問因由，孩兒喜事不必憂，官勞鬼爻須禱告，身康體健不須愁
406,736,親病,卦占父母病纏綿，星辰運壞抵抗差，破福祈上天保佑，貴人相助即安康，子占父母病纏綿，只為星辰降瓦紀，還要破財並保佑，請醫服藥自然安
407,737,買屋,君占買屋是佳房，住進曰後斯吉昌，選擇良辰並吉曰，鄉鄰敬祝賀新房，君占買產是佳房，移家之後事吉昌，選擇良辰並吉日，親臨樽酒賀新房
408,738,移居,卦卜家宅欲移居，擇取良辰吉曰旺，安富增榮多吉利，丁旺福祿定為宜，來占家宅欲移居，擇取良辰吉日時，安富增榮多吉利，丁壬福祿定為宜
409,741,風水,卦占風水事如何，青龍白虎兩担宜，玄武朱雀局分明，代代兒孫平安過，卦占塚墓事如何，山向東西乃可過，產近山林多擇穴，兒孫後代中高科
410,742,放賬,放款求財無阻礙，官鬼無傷可利財，但逢春夏平平過，秋來冬至有利歸，放帳求財問卜來，卦爻世應可生財，如逢夏春平平過，秋末冬初有利歸
411,743,借財,借取錢財乃必疑，財鬼最驚困來因，財在秋冬最不足，如逄春夏兩和宜，財爻上卦最為高，借取錢財乃必疑，君在秋冬多不足，如逢春夏兩相宜
412,744,買畜,買賣六畜喜臨門，牛馬諸羊可稱心，為利不足得虛驚，好運年年添小犢，卦占六畜喜臨門，牛馬豬羊利稱心，好命年年添小犢，耕疇微利有虛驚
413,745,賭博,卦卜賭博實美哉，財臨世位莫貪利，春間利益平平過，夏季秋時滿財利，惟卦材臨世位來，賭錢逢此實親哉，春間利息平平過，夏季秋時滿取財
414,746,開店,君占開店許君開，日日迎門笑開懷，福來沿氣多得意，南北東西廣招財，君占開店許君開，接入迎門笑物懷，貨物緩緩多得意，南北東西廣招財
415,747,回鄉,回鄉占卦並無災，路上平安旅途回，家人憂心免驚慌，凡事藏機少是非，世應比和卦甚奇，回鄉占此卦無虞，家中役戶差徭重，凡事藏機少是非
416,748,求財,求財得卦喜生財，任往東西不必猜，若是本微求利益，貴人相教得將來，求財卜卦喜生財，任往東西不必猜，若是本微求利益，管教白子得將來
417,751,學藝,學藝占之工作佳，卦中喜見兩重財，怎奈工作劫煞見，大財難見小財來，卦占喜見兩重財，手藝占之實美哉，怎奈重重兄弟見，大財難見小財來
418,752,行人,卜行人來早與慢，卦內分明說仔細，亥丑來臨方可到，隨身財帛自然期，行人來早與來遲，卦內分明說與知，亥丑來臨方可到，隨身財帛自然期
419,753,家宅,家宅平安最為先，老者安之少者閒，外靈入宅官鬼擾，福人將蔭莫憂嫌，卦占家宅最為先，老者安之少者閑，官鬼文書俱發達，福人將陰莫憂煎
420,754,合夥,合夥經營有財喜，福神瓲門稱心懷，夏秋兩季財源盛，若到春冬財利旺，合夥經營應有財，財爻持世稱心懷，夏秋兩季財源盛，若到春冬財更添
421,755,護送,護送卜知受辛勞，刑傷不見有憂心，往來路涉多方碌，僅得貴人是助來，長解須知受辛苦，刑傷不見有憂心，往來路涉多方碌，僅得貴人遇貴來
422,756,失物,失物失財最憂心，家賊難防緩緩尋，屢遇賊徒還怕失，時逢丑亥更慎心，失財失物莫憂心，家賊難防緩緩尋，屢遇賊徒還怕失，時逢丑亥更防驚
423,757,走失,占人走失急難尋，春冬走失無蹤跡，只有東南南方尋，要知消息傳在春，人丁走失急難尋，卯戌占親莫識音，只在東南方上去，要知消息轉來春
424,758,壽年,卜壽年疾病相連，憂慮健康晚景榮，若是貴人造福算，年延益壽方可行，目下疾未通相連，官殺桑榆晚景榮，若伏古稀添鶴算，潮消光耀方可終
425,761,同居,同居占卦未成美，隔閡重重有是非，正緣已過莫強求，莫非緣了姻緣現，君占入贅未全美，隔角重逢有是非，女命重夫並壽促，必須別計再營為
426,762,夜夢,夜夢吉星未稱懷，家中小口要防災，是非口舌須謹慎，破費錢財轉福來，夢寐占之未稱懷，家中小口要防災，是非口舌須謹慎，破費錢財轉福來
427,763,住宿,君占住宿勿憂心，只管安心住此房，清靜安全無煩事，賓主相投多福祿，君占尋館勿憂心，管取今年勝上春，賓主相投多福祿，定知要見大貴人
428,764,求子,君占求子求卦靈，內陰外靈臨門入，夫婦無緣懷子孫，若無福蔭子休論，君占求子此卦真，父母親娘克子孫，要見芝蘭須妾有，如無福祉子休論
429,765,口舌,口舌是非不足奇，貴人必有喜相臨，虎頭蛇尾須當忌，可此空中一陣雲，口舌閑非不足論，貴人必有喜相臨，虎頭蛇尾須當忌，可比空中一陣雲
430,766,出行,出行君卜問吉凶，劫煞重重損財利，須防五鬼事難成，不如安份守家園，兄弟重重爻上春，不如安分守田園，出行若問利和吉，破耗須防事不成
431,767,桃花,占問桃花雲遮月，此去身向北方尋，幸得貴人相扶助，尚有機緣在眼前，取魚波濤一葉舟，此身去向北方流，如今撐得灘頭到，尚有機緣在目前
432,768,收成,收成占之卦中平，只許獲利半入門，前年不比今年好，日後豐收財利多，收成占之卦中平，只許收成半入門，早禾不及晚禾好，晴多雨少谷豐登
433,771,文件,文書官星貴人多，領卻批文事可和，進步自然少阻隔，見機而作笑呵呵，文章官鬼貴人多，領卻批文事可和，進步自然少阻隔，見機而作笑呵呵
434,772,生意,生意占之小有財，官鬼有損劫煞高，若施小惠方遂意，申未時節便可拋，生意占逢此卦爻，滿中求損最為高，若用小費方遂意，申未時逢便可拋
435,773,見貴,見貴占之運不如，前途切莫枉人握，縱然見面無利益，何必用心守此珠，見貴占之運不如，功名切莫意躊躇，縱然見面無些利，何必勞勞守此株
436,774,飼養,飼養六畜可稱心，財神臨來心意隨，不必多占空費力，十分財利喜門庭，頤爻持世意隨願，君問春蠶喜稱心，不必多占空費力，十分財喜在門庭
437,775,訴狀,君占訴狀事分明，供詞與法要相連，水火之時得至理，法院無錢不必言，子孫官鬼怕相連，訴告須知望包收，水火之時得至理，衙門無錢不必言
438,776,收帳,收帳占之要遲遲，目前有不順人心，春夏千金方順意，秋冬麻煩較難行，錢糧解送要遲遲，目下須知定不行，春夏千金多遂意，秋冬只恐要遲遲
439,777,修宅,修宅建房不必忙，要請地神來商量，宅主認為財夠旺，也要平安又久長，起造居占不必忙，存神用意快商量，六爻安靜財雖旺，必取平安並久長
440,778,脫貨,脫貨占之要三思，財神遲遲官鬼擾，若要脫時宜稍緩，庚辛亥子有財利，財臨應位克文書，脫貨占求要三思，若要脫時宜稍緩，庚辛亥子可謀之
441,781,求發,求醫治病不愁凶，福德臨門定有功，等待交冬方可脫，好將禮物謝郎中，求醫治病不愁凶，福德臨醫定有功，只待交冬方可脫，好將禮物謝郎中
442,782,運途,運途占之實美哉，知君否極將泰來，打拚數載多難遂，令歲秋冬迎財利，命運占之實美哉，知君否極泰將來，謀為數載多難遂，今歲秋冬財迎來
443,783,考運,升學考試恐不如，文書未現破文昌，秋夏兩季猶可望，春冬成績嘆不定，鬼爻持世破文書，入學占之恐不如，秋夏二季猶可望，春冬還要再遲遲
444,784,學業,業學占卦問功名，困難重重總不如，雖是文書成錦繡，仍然是個白衣儒，君占此卦問功名，隔角重重總不如，雖是文章成錦繡，也還是個白衣儒
445,785,公職,公職考試可成名，不須疑慮問低高，鹿鳴宴上呼先到，衣紫腰金福祿超，科舉成名占此爻，不須疑慮問低高，鹿鳴宴上呼先進，衣紫腰金福祿全
446,786,討取,取討財物有困難，有如雲煙目下過，還須托人方可遂，途中勿聽小人言，應高父母喜相逢，取討財物目下過，還須托人方可遂，途中休聽小人言
447,787,姻緣,姻緣占之卦甚宜，紅線姻緣有助礙，謙平受益生利祿，親者為媒不必疑，招婿占之卦甚宜，子孫持世有扶持，謙平受益生利祿，親者為媒不必疑
448,788,貴人,卦占貴人問貴人，五鬼貴人頃刻間，欲問貴人貴眼前，沛然業力又連纏，卦占久雨問晴天，雨怕雲行頃刻間，欲問天晴晴不久，沛然一陣又連纏
449,811,六甲,六甲懷孕有虛驚，男在冬李女在春，申亥日辰才遇吉，不須疑慮苦憂心，卦占孕育有虛驚，男在冬兮女在春，申亥日辰方遇吉，不須疑慮苦憂心
450,812,陞遷,卦問陞遷可稱意，貴人吉神助無慮，巳酉丑兼寅午戌，文書發動有佳音，子孫持世他無慮，卦問升遷可稱心，寅午戌兼巳酉丑，文書發動有佳音
451,813,娶妻,娶妻卜問未順心，先天姻緣數有定，造緣兩命皆全美，餘命遺逢恐不寧，取妾占之未稱心，內外平和終得成，水金兩命為全美，餘命遭逢恐不寧
452,814,婚姻,卦問婚姻最為良，財富兼備兩事強，管取齊眉多福壽，並產兒孫錦衣郎，求婚占此最為良，束帛妻財兩事強，管取齊眉多福壽，並產兒孫衣錦郎
453,815,選舉,占地方選舉不宜，不如安命莫奔騰，寅年午戌官星旺，財多喜氣耀門庭，納監來占往帝都，不如安命莫奔波，寅年午歲官星旺，財多喜氣耀門庭
454,816,交易,交易可成少擔心，官鬼相助許成交，雖然利益平平得，買賣求財願求多，交易君占此卦爻，應來生世許成交，雖然年息平平得，脫貨求財做這遭
455,817,調解,調解鬼胎兩相沖，甲乙雙方未認同，縱得和解終欠理，平均得要心公正，兩重官鬼兩相凶，和事占之未便從，縱得和來終欠理，兩平均得要心公
456,818,尋人,尋人不必苦心急，自然消息來告知，丑未戌辰消息臨，旁言旁語總是虛，尋人不必苦躊躇，應位逢財必自知，丑未戌辰消息到，旁言旁語總成虛
457,821,運途,運途造化事人為，眼前正是豐盈盈，一生平靜星運旺，官鬼無傷福壽增，占卜知君問五行，眼前造化正豐盈，六爻安靜星辰旺，官鬼無傷福壽增
458,822,貴人,貴人能知萬事吉，欲問貴人貴不足，若要貴人寅午戍，貴多貴少貴分明，金龍生水雨淋林，欲問天晴天不晴，若要晴時寅午戌，晴多雨少數分明
459,823,公職,卦問公職光耀門，科甲爭名在此時，天時地利人爵至，果然不負勤努力，文星光耀斗牛虛，科甲爭名在此時，天爵既修人爵至，果然方不負男兒
460,824,姻緣,姻緣感情有躊躇，官鬼有礙無定時，陰錯陽差忙裏過，不如別選且相宜，卦中占婚有躊躇，應位高兮世位低，凡事皆因忙裏過，不如別選且相宜
461,825,學業,學業發展欲讀書，文書生官來相扶，已酉丑年有進步，勸君熟讀五車書，占卦知君欲讀書，應來生世世相扶，已酉丑年前進步，勸君熟讀五車書
462,826,求醫,君卜欲求醫欠靈，外陰冤親病源因，前因後業生差怨，服藥如何去病源，君欲求醫卦欠靈，病來生世病源深，當初不禱生嗟怨，服藥如何去病根
463,827,討取,取討財物實可為，卦中喜見兩財利，七分財氣重重見，管教庚寅來得利，卦中喜見兩重財，取討之時實美哉，七分財氣重重見，管教更寅得利來
464,828,考運,考運沖破有事因，文書有氣卦生憂，欲問成績難如意，當回窗下且藏修，文書有氣卦生憂，世位逢沖是不同，欲問功名芹淑裏，當回窗下且藏修
465,831,行人,卜問行人來等待，音信雖有不得真，燈花報喜逢時到，但看天上月圓時，火天大有問行人，音信雖真信不得，到時報喜燈花綵，莫問天上月鉤星
466,832,壽年,君占壽年壽不靈，雖洩天機擾天庭，眼前都是冤魂到，外陰業債財枉費，君占壽數壽不靈，天機雖泄紛紛擾，冤親債主到魂庭，縱有錢財枉費心
467,833,護送,護送押解未為凶，福德重重好事同，運送貴人多助力，管教得主保安寧，解人占此未為凶，福德好同官人友，遇貴人助力平順，得意安寧管教時
468,834,走失,走失人畜無憂慮，走失東西定轉頭，目下有人傳消息，近水傍山聽緣由，財爻持世憂慮無，轉頭東西定走失，有小人傳信莫信，水山旁聽緣大人
469,835,合夥,合夥求財兩未宜，須防不和有是非，官鬼親友都作難，若到冬夏利有愈，合夥求財爻未宜，須防目下有閑非，春秋二季財爻旺，冬夏有虧利難全
470,836,學藝,君占學藝取人財，賓主雖合有劫財，幸得財神臨我位，必須先捨求利生，手藝取財需巧手，世應相和多比肩，幸得財爻臨應位，舍利求自生智慧
471,837,失物,失財失物並無蹤，到底終究財物空，著急追究無覓處，財物所失兩相沖，去無蹤失財失物，財物空終須一災，追究無益覓無處，卦氣交沖應財兩
472,838,家宅,家宅平安兩得宜，人丁得助少憂疑，秋冬財利重重見，福德財來便可期，平安家宅宜積善，有餘之家得福神，財利見秋冬厚重，出禾可期六畜興
473,841,生意,生意占之可稱心，貴人作主喜相生，鱉魚脫出全鉤釣，搖頭擺尾出此行，生意遂心占之許，相生貴人來作主，金鉤釣鼇魚出喜，出門搖扇擺首式
474,842,脫貨,君占脫貨主遲延，欲速成之少利源，亥子癸壬方得稅，時逢寅卯且寬閑，生意占之許遂心，貴人作主喜相生，得吉亥子癸壬方，寅卯時寬閑如意
475,843,訴狀,訴狀法庭得順情，文書官鬼兩分明，出庭論理得方便，滅罪除刑必稱心，君占脫貨主遲延，欲速成之少利源，遇官論理方便多，稱心除刑滅災殃
476,844,修宅,君占修建固非宜，修後須知見是非，凡是三思方是美，最好守舊莫心疑，訴訟公庭得順情，文書官鬼兩分明，三思後行是美德，守舊平安最逢時
477,845,飼養,飼養牲畜兩重財，官鬼相臨久稱懷，幸得福德安亦在，七分財喜定然來，君占起超固非宜，起後須知略見非，幸得子孫來世位，福祿來財喜得定
478,846,文件,欲領批文要用錢，若還不批必遲緩，財逢亥子方如意，寅卯求之尚未然，春蠶喜得兩重財，官鬼相臨久稱懷，亥子如意方逢財，求之尚未寅卯辰
479,847,收帳,收帳錢財頗稱心，貴人相助必如情，五鬼劫煞臨門來，冬夏占之更可行，欣領批文要用錢，若還不用必遲遲，文書官鬼來臨應，稱心冬夏更相宜
480,848,見貴,見貴占卜心猶豫，決心下意又恐遲，見貴終希有助利，不如不見免奔馳，收解錢糧頗稱心，貴人相助必如情，見大利貴友仁義，如見不如士三日
481,851,放賬,放帳出借不周全，官鬼臨我旺劫煞，將來枉費求財利，何不安心且待秋，占之放帳收不圓，只應世位旺文書，求名求利莫費力，待秋入冬心且安
482,852,求財,求財占卦過財星，事在順心可取圈，出入貴人而得力，重重財喜有相扶，占卦求財遇財孚，管教經營遂取圖，出入貴人因得力，財喜重重有友扶
483,853,賭博,賭博占卜劫財臨，反覆無常財不順，莫怪旁人來勸阻，勸阻不是是非人，賭博再怕弟兄臨，常不順反反覆覆，旁人勸阻莫怪耶，是非人勸阻是非
484,854,回鄉,君卜回鄉問平安，子孫健旺甚為高，途中伴侶為知己，平安一路不用焦，回鄉問卦君欲行，文采高子孫健旺，伴侶兼知己同為，一路平安順心成
485,855,貨畜,買賣六畜最為良，財星兩旺有主張，且要買時定心意，勸君決意莫傍徨，欲買六畜最為良，只望心中有主張，君要買時定生息，君莫彷徨立意堅
486,856,風水,君占風水只平安，世應相生萬事成，乘龍伏虎多回顧，後代兒孫產俊英，世應相生萬事成，君占風水只平安，回願龍虎伏生多，兒孫俊英後代賢
487,857,開店,欲占開店不宜開，財破官鬼利少來，若有同心來助力，秋冬交節許君開，開店不宜守欲占，財破文書定少來，同心助力或有成，交節氣秋冬有望
488,858,借財,借取錢財問貴人，托保求之事可成，亥子庚辛財發動，眼前不順不必疑，問神明借取錢財，求托事可成得力，金水生亥子庚辛，莫生嗔暫不遂願
489,861,官運,卜官運春夏可喜，若到秋冬防有傷，月缺自然有盈日，片雲暫掩亦無妨，春夏求官喜洋洋，秋冬有傷須防範，日盈月缺順自然，無妨半片烏雲掩
490,862,置產,卜問置產主吉昌，須要留心防口舌，事成日後利非常，子子孫孫旺家門，子孫臨印住田莊，占買田園主吉昌，須要留心防口舌，事成日後利非常
491,863,徵人,徵員求才最為良，徵得人才福祿長，莫聽旁人是非言，成事之後定知詳，君占討僕最為良，討得成時壽命長，旁人外語聽莫信，事後知詳應具全
492,864,買貨,卦占買貨十分宜，本利相收利息多，申子辰中多利益，只嫌夏季未全諧，置貨買辦運財喜，子母相收利息肥，利益相合申子辰，夏季未全嫌不全
493,865,選舉,中央選舉有官運，選舉功名得進身，財旺生官官又旺，管教日後定如心，劉文書運強官鬼，衿納功名得晉身，杉旺財官又旺運，書教定心日後行
494,866,工作,欲進上司未有成，工作何必傍朱門，五鬼重重從中阻，奉勸君家惜此身，星曜進門未有成，靈靈何必傍朱門，開心父母阻從重，運平勸君先修身
495,867,告狀,告狀終須告得成，文書無位喜相臨，時逢戌巳文書定，定主官司理得成，告得成狀紙週全，文書相臨須細細，戌巳時文書逢定，官司得成要理直
496,868,音信,卜問音信有阻隔，官鬼降臨文書剋，春夏之季方有信，秋冬寬耐要遲遲，財多臨應克文書，家信途中有阻隔，春夏即有信免憂，秋冬忍耐要延時
497,871,夜夢,夜夢顛倒運不足，只因心事亂如麻，若然遇事多加謹，南北福神定不差，日夜顛倒夢不醒，全因心亂不平如，遇事需謹慎為上，高臥南窗南北行
498,872,收成,收成占此卦為奇，官鬼臨門福祿齊，景氣不佳收成好，耕輕有獲各相宜，此卦為奇收成好，福齊祿全官鬼休，小旱無憂農事好，高平底下各相宜
499,873,口舌,是非口舌亦須防，若不防時定有傷，內外官鬼多起意，三思行事保安康，須防是非由口舌，禁口不防有傷時，有人起意內外多，行事三思而後行
500,874,桃花,水中桃花總相宜，桃花占之不須疑，順水運中多利益，乾坤定有財利肥，宜水中求利吉相，取魚不須占德之，利益多從順水來，財利肥卦爻坤定
501,875,求子,求子占之卦未全，命中無子總徒然，花多子無皆由命，行善積德子息添，占卦求子未周全，六爻無鬼總徒然，命中註花多子少，為子息添德取福
502,876,同居,同居占之有是非，男女情緣事不為，陰緣暈緣姻緣定，必須審慎方為宜，財爻持世不為遲，入贅占之有是非，女命從夫並夭壽，宜選事情須小心
503,877,出行,卜卦知君出行難，憂心事理出不成，途中危險須防阻，安守家園莫出門，君出行難莫問卜，鬼爻持世無出成，須防阻中途危險，田園安守莫遠行
504,878,住宿,住宿占卜有貴人，吉神扶持平安過，賓至如歸服務佳，清靜心安睡安穩，子孫持世旺財多，尋館占之有貴高，絳帳大開受業重，重重財喜拾青蚨
505,881,分家,占卦分家時不對，全因官鬼財位旺，若還後悔須防妒，省的精神家計長，分家不宜占此卦，嫌因世位旺文書，須防後悔還心妒，賓士不如意若得
506,882,移居,卜移居枉費心機，守舊安心方是美，若要強搬有災厄，貴神臨門卦不疑，費心機移居難成，世位逢官不必疑，守舊安心方是美，若還勉強有災危
507,883,子病,卜子病臨未為昌，內外陰礙是全因，子災厄至有因由，發願積德保安康，見喜凶荒苦見商，子孫臨應未為昌，應皆小子災危至，只有求神保安康
508,884,買屋,君問買屋來占卦，買時差價頻多話，隔角是非心未安，只須退步還作罷，知君買屋來占卦，買時增價話專家，卦行未安難重重，退一步還宜罷須
509,885,求職,占卦求職無不宜，只因損氣費精神，自有好友來助力，成全之後得順心，謀事無妨勿掛心，損精費神氣不明，好友自會來拳助，得遂心後成全之
510,886,身體,身體災星煞不輕，家內外陰入門臨，災星雖犯事不難，求醫貴人助安寧，命犯災星禍不輕，傷寒吐瀉腹中疼，無難事不懼災星，速即求神可保寧
511,887,親病,占父母病殃無妨，藥到病除有吉样，好藥調和三五劑，無刑無沖何必忙，父母災殃定不妨，應透官位壽綿長，上醫三五劑好藥，限度無沖何必忙
512,888,洽約,君卜洽約莫憂心，成事貴人好友明，財旺重重無欠缺，財利分明自然成，張君占會心莫憂，宇成須三朋好友，翔樂財旺重重天，建財自然喜雙成
